AKCAOGLU2016,ACKERMAN2001
AKCAOGLU2016,AKCAOGLU2014
AKCAOGLU2016,AKCAOGLU2014
AKCAOGLU2016,AKCAOGLUND
AKCAOGLU2016,ALBION2008
AKCAOGLU2016,ALBION2008
AKCAOGLU2016,ANDERSON2011
AKCAOGLU2016,BAYTAKLA2010
AKCAOGLU2016,BAYTAKLA2011
AKCAOGLU2016,BECKER2007
AKCAOGLU2016,BENNETTM2008
AKCAOGLU2016,BONNARDE2010
AKCAOGLU2016,BOYATZIS1998
AKCAOGLU2016,DENNERWE2012
AKCAOGLU2016,DUTTDONE2005
AKCAOGLU2016,GOELPIRO1992
AKCAOGLU2016,HURWANGK2015
AKCAOGLU2016,HWANGHUN2013
AKCAOGLU2016,JONASSEN2011
AKCAOGLU2016,KAFAIFRA1998
AKCAOGLU2016,KALEWUCO2013
AKCAOGLU2016,KE2014
AKCAOGLU2016,KENNYMCD2011
AKCAOGLU2016,KOEHLERM2005
AKCAOGLU2016,KUMARVIG2011
AKCAOGLU2016,LEMAISTR2010
AKCAOGLU2016,LI2012
AKCAOGLU2016,LILEMIEU2013
AKCAOGLU2016,MAYERWIT1996
AKCAOGLU2016,MAYER1998
AKCAOGLU2016,MEYERWIT2006
AKCAOGLU2016,MISHRAKO2006
AKCAOGLU2016,MISHRAKO2009
AKCAOGLU2016,OZOGULOL2008
AKCAOGLU2016,PAPERTHA1991
AKCAOGLU2016,SIMON1995
AKCAOGLU2016,SMITHBOL2009
AKCAOGLU2016,VOSVANDE2011
AKCAOGLU2016,YIN2003
AKCAOGLU2016,ZHAOFRAN2003
AKCAOGLU2016,ZIMMERMA2005
ASINGCAS2014,ABBITTKL2007
ASINGCAS2014,AJZEN1991
ASINGCAS2014,ANDERSON2007
ASINGCAS2014,ANDERSON2007
ASINGCAS2014,ANGELI2005
ASINGCAS2014,ARNONESM2011
ASINGCAS2014,ASSELIND2008
ASINGCAS2014,AZJENMAD1986
ASINGCAS2014,BAGOZZIY1988
ASINGCAS2014,BAIERTME2008
ASINGCAS2014,BANDURA1986
ASINGCAS2014,BANDURA2006
ASINGCAS2014,BEATTYUL2006
ASINGCAS2014,BROWN2008
ASINGCAS2014,CASSIDYE2002
ASINGCAS2014,CHAO2008
ASINGCAS2014,CHOYWONG2009
ASINGCAS2014,CHURCHIL2009
ASINGCAS2014,DAVISBAG1989
ASINGCAS2014,DEDE2008
ASINGCAS2014,DRISCOLL1994
ASINGCAS2014,DWYER1996
ASINGCAS2014,FEIMANNE2001
ASINGCAS2014,FLEMINGM2007
ASINGCAS2014,FORNELLL1981
ASINGCAS2014,GERBINGA1988
ASINGCAS2014,GOLDBERG2003
ASINGCAS2014,GOODSONS2010
ASINGCAS2014,GREENHOW2009
ASINGCAS2014,GROFFMOU2008
ASINGCAS2014,GURUNGCH2011
ASINGCAS2014,HAIRBLAC2010
ASINGCAS2014,HEWBRUSH2007
ASINGCAS2014,HOLDENRA2011
ASINGCAS2014,HOWLANDJ2012
ASINGCAS2014,HUBENTLE1999
ASINGCAS2014,HUBONAKE1996
ASINGCAS2014,IDINGCRO2002
ASINGCAS2014,ISTE2008
ASINGCAS2014,JONASSEN2003
ASINGCAS2014,JONESCAR2007
ASINGCAS2014,KUMAR2005
ASINGCAS2014,LANKSHEA2006
ASINGCAS2014,LEI2009
ASINGCAS2014,LEVERDUF2005
ASINGCAS2014,MACCALLU1996
ASINGCAS2014,MANKATOP2003
ASINGCAS2014,MARRI2005
ASINGCAS2014,MOCKUSFI2002
ASINGCAS2014,MULLENWE2008
ASINGCAS2014,MYERSHAL2002
ASINGCAS2014,NCATE2007
ASINGCAS2014,NETP2010
ASINGCAS2014,NEO2005
ASINGCAS2014,NEWBYSTE2000
ASINGCAS2014,OREILLY2005
ASINGCAS2014,OREILLY2007
ASINGCAS2014,OLIVER2007
ASINGCAS2014,PAJARESS2002
ASINGCAS2014,PAJARES1992
ASINGCAS2014,PANBONK2007
ASINGCAS2014,PFAFFMAN2008
ASINGCAS2014,PRENSKY2009
ASINGCAS2014,RICHARDS1996
ASINGCAS2014,RICHARDS2007
ASINGCAS2014,SCHRUMLE2009
ASINGCAS2014,SINCLAIR2010
ASINGCAS2014,SOLOMONS2007
ASINGCAS2014,STALLMAN2002
ASINGCAS2014,TEOLEECH2008
ASINGCAS2014,TEOLEECH2009
ASINGCAS2014,VANROOIJ2009
ASINGCAS2014,VANKATES2000
ASINGCAS2014,WARSCHAU2006
ASINGCAS2014,WHEELERY2008
ASINGCAS2014,YILDIRIM2000
ASINGCAS2014,ZHAOPUGH2002
BAERTSTE2014,ABBITT2011
BAERTSTE2014,ADAMYBOU2006
BAERTSTE2014,ARCHAMBA2009
BAERTSTE2014,BAERT2011
BAERTSTE2014,BANVILLE2009
BAERTSTE2014,BECHTEL2010
BAERTSTE2014,BEIGHLEM2004
BAERTSTE2014,BUTCHERF2007
BAERTSTE2014,CHAIKOHT2013
BAERTSTE2014,DELREY1971
BAERTSTE2014,DELTUFO2000
BAERTSTE2014,GRISSOMW2005
BAERTSTE2014,GUNTER2001
BAERTSTE2014,HAMMONDM2009
BAERTSTE2014,HARGRAVE2011
BAERTSTE2014,JAIPALJA2013
BAERTSTE2014,JAMIESON2010
BAERTSTE2014,JIMOYIAN2007
BAERTSTE2014,JUNIU2013
BAERTSTE2014,KIRSCHNE2003
BAERTSTE2014,KNUDSONK1997
BAERTSTE2014,KOEHLERM2005
BAERTSTE2014,MEARS2010
BAERTSTE2014,MILKENEX1999
BAERTSTE2014,MISHRAKO2006
BAERTSTE2014,NASPE2008
BAERTSTE2014,NASPE2009
BAERTSTE2014,NIESS2005
BAERTSTE2014,POPEHARE2002
BAERTSTE2014,ROWEMAHA2004
BAERTSTE2014,SCHMIDTB2009
BAERTSTE2014,SHERRY2000
BAERTSTE2014,SHULMAN2006
BAERTSTE2014,VOOGTFIS2013
BAERTSTE2014,VRASIDAS2005
BAERTSTE2014,WILLISME1996
BAERTSTE2014,ZHAOFRAN2003
BAKIR2015,ABBITT2011
BAKIR2015,AGYEIVOO2011
BAKIR2015,ANDERSON2007
BAKIR2015,ANGELIVA2009
BAKIR2015,BAHRSHAH2004
BAKIR2015,BAIERTME2008
BAKIR2015,BAILEYCA2009
BAKIR2015,BANISTER2012
BAKIR2015,BEASTALL2006
BAKIR2015,BELSONLA2004
BAKIR2015,BROWNWAR2006
BAKIR2015,BRZYCKID2005
BAKIR2015,BULLOCK2004
BAKIR2015,BURNSDIM2007
BAKIR2015,CHUANGSC2007
BAKIR2015,DONNELLY2010
BAKIR2015,DONOVANG2010
BAKIR2015,ENOCHSSO2009
BAKIR2015,ERTMEROT2010
BAKIR2015,FLETCHER2003
BAKIR2015,FOULGERB2012
BAKIR2015,FRANKLIN2007
BAKIR2015,FRIEDMAN2006
BAKIR2015,GLENN2004
BAKIR2015,GOODWIN2010
BAKIR2015,GRAYTHOM2010
BAKIR2015,GRONSETH2010
BAKIR2015,HARRISMI2009
BAKIR2015,HERMANST2008
BAKIR2015,HONAWAR2008
BAKIR2015,HUGHES2013
BAKIR2015,ISTE1998
BAKIR2015,JUDGEOBA2008
BAKIR2015,KAY2006
BAKIR2015,KLEINERT2007
BAKIR2015,LAMBERTG2010
BAKIR2015,LEHMANRI2003
BAKIR2015,LEI2009
BAKIR2015,LIN2008
BAKIR2015,LINCOLNG1985
BAKIR2015,LORTIE1975
BAKIR2015,MACKINNO2006
BAKIR2015,MEHLINGE2002
BAKIR2015,MERGENDO1994
BAKIR2015,MERRIAM1988
BAKIR2015,MILESHUB1994
BAKIR2015,MIMSPOLL2006
BAKIR2015,MISHRAKO2006
BAKIR2015,MULLENBR2005
BAKIR2015,NCATE1997
BAKIR2015,NORDINMO2012
BAKIR2015,OTTENBRE2012
BAKIR2015,OTTENBRE2010
BAKIR2015,PATTON1990
BAKIR2015,PATTON2002
BAKIR2015,PELLIGRI2007
BAKIR2015,POLLYBRA2009
BAKIR2015,POLLYMIM2010
BAKIR2015,RITZHAUP2008
BAKIR2015,RUBINRUB2008
BAKIR2015,SAADÉNEB2007
BAKIR2015,SAHINTHO2006
BAKIR2015,SANGVALC2010
BAKIR2015,SCHOEP2004
BAKIR2015,SERGIOVA2000
BAKIR2015,SHULMAN1987
BAKIR2015,STAKE1995
BAKIR2015,SUTTON2011
BAKIR2015,THOMPSON2003
BAKIR2015,TONDEURV2012
BAKIR2015,USCOTA1995
BAKIR2015,USDOE2005
BAKIR2015,USDOE2010
BAKIR2015,VERMILLI2007
BAKIR2015,WACHIRAK2011
BAKIR2015,WETZELST2006
BELLMAEN2013,AMERICAN1993
BELLMAEN2013,ARORAKEA2000
BELLMAEN2013,BAUERKEN2005
BELLMAEN2013,BELLPARK2008
BELLMAEN2013,BELLTRUN2008
BELLMAEN2013,BELLMULV2012
BELLMAEN2013,BELLAND2009
BELLMAEN2013,BERNSSWA2000
BELLMAEN2013,BEYERBAC2001
BELLMAEN2013,BINNSBEL2010
BELLMAEN2013,BLUMENFE1994
BELLMAEN2013,BOGDANBI1992
BELLMAEN2013,BROWN2007
BELLMAEN2013,BRYANABE1999
BELLMAEN2013,BULLGARO2004
BELLMAEN2013,CAPOBIAN2007
BELLMAEN2013,COLLINS2006
BELLMAEN2013,COOPER2001
BELLMAEN2013,CUBANKIR2001
BELLMAEN2013,DANIKOEN2008
BELLMAEN2013,DOHERTYO2001
BELLMAEN2013,DONOVANB2005
BELLMAEN2013,DUSCHLSC2007
BELLMAEN2013,ENGLELAM2012
BELLMAEN2013,FLICKBEL2000
BELLMAEN2013,FRIEDRIC2001
BELLMAEN2013,GESSNEWS2003
BELLMAEN2013,GRAHAMBU2009
BELLMAEN2013,GUZEYROE2009
BELLMAEN2013,HAMMONDC2009
BELLMAEN2013,HARGRAVE2000
BELLMAEN2013,HENNESSY2006
BELLMAEN2013,HIGGINSS2008
BELLMAEN2013,IES2010
BELLMAEN2013,ISTE2008
BELLMAEN2013,IRVING2009
BELLMAEN2013,JOHNSON2006
BELLMAEN2013,JOHNSON2007
BELLMAEN2013,KAY2006
BELLMAEN2013,KEYSBRYA2001
BELLMAEN2013,KEYSKENN1999
BELLMAEN2013,KIMHANNA2007
BELLMAEN2013,KOPCHA2010
BELLMAEN2013,LEDERMAN1999
BELLMAEN2013,LEELINNV2010
BELLMAEN2013,LINCOLNG1985
BELLMAEN2013,LINNDAVI2004
BELLMAEN2013,LINNLEET2006
BELLMAEN2013,LOUCKSHO1999
BELLMAEN2013,LOUCKSHO1998
BELLMAEN2013,LUFTROEH2003
BELLMAEN2013,MCLELLAN1996
BELLMAEN2013,MIMSPOLL2006
BELLMAEN2013,MISHRAKO2007
BELLMAEN2013,MISTLERJ2000
BELLMAEN2013,NRC1996
BELLMAEN2013,NRC2000
BELLMAEN2013,NRC2012
BELLMAEN2013,NORRISSO2002
BELLMAEN2013,ORGILL2007
BELLMAEN2013,PFLAUM2004
BELLMAEN2013,PLASSMIL2012
BELLMAEN2013,RITTBELL2009
BELLMAEN2013,SCALISET2011
BELLMAEN2013,SCHNITTK2009
BELLMAEN2013,SCOTTASO2007
BELLMAEN2013,SHAMBURG2004
BELLMAEN2013,SHOWM2003
BELLMAEN2013,SMETANAB2011
BELLMAEN2013,SOLOWAYN2001
BELLMAEN2013,SONGER2007
BELLMAEN2013,SUPOVITZ2000
BELLMAEN2013,SWANHOLM2002
BELLMAEN2013,TRUNDLEB2010
BELLMAEN2013,TUFTE2003
BELLMAEN2013,VANJOOLI2007
BELLMAEN2013,VARMAHUS2008
BELLMAEN2013,WAIGHTAB2006
BELLMAEN2013,WAYLILLE2009
BELLMAEN2013,WETZELZA1996
BELLMAEN2013,WILLISME1996
BELLMAEN2013,WINNSTAH2005
BELLMAEN2013,WUHUANG2007
BELLMAEN2013,YERRICKP1997
BELLMAEN2013,ZACHARIA2003
BELLMAEN2013,ZUCKERTI2008
BESCHORN2016,CLOUGH2007
BESCHORN2016,COIROKNO2008
BESCHORN2016,DUKECAUG2012
BESCHORN2016,ELLUL1964
BESCHORN2016,FEENBERG1991
BESCHORN2016,FOUNTASP2010
BESCHORN2016,GOKTASYI2009
BESCHORN2016,GUZMANRO2007
BESCHORN2016,HARRISHO2009
BESCHORN2016,HARRISMI2009
BESCHORN2016,HUTCHISO2010
BESCHORN2016,HUTCHISO2011
BESCHORN2016,HUTCHISO2014
BESCHORN2016,HUTCHISO2012
BESCHORN2016,IRA2009
BESCHORN2016,ISTE2000
BESCHORN2016,KEEN2007
BESCHORN2016,KRUSEBUC2015
BESCHORN2016,KRUSEWIL2013
BESCHORN2016,KRUSE2009
BESCHORN2016,KRUSE2013
BESCHORN2016,KRUSE2013
BESCHORN2016,LEI2009
BESCHORN2016,MCLUHAN1964
BESCHORN2016,MERRIAM1988
BESCHORN2016,MILESHUB1994
BESCHORN2016,MISHRAKO2006
BESCHORN2016,MISHRAKO2009
BESCHORN2016,N
BESCHORN2016,OLSONCLO2001
BESCHORN2016,PATTON1990
BESCHORN2016,PRENSKY2001
BESCHORN2016,RAINIE2006
BESCHORN2016,SANGVALC2010
BESCHORN2016,SCHMIDTB2009
BESCHORN2016,SELBER2004
BESCHORN2016,THEIMAN2008
BESCHORN2016,WAIGHTAB2007
BESCHORN2016,WAIGHTAB2012
BESCHORN2016,YIN2009
BRENNERB2016,ALDERMAN2008
BRENNERB2016,ATKINSVA2000
BRENNERB2016,BRILL2002
BRENNERB2016,BROWNWAR2006
BRENNERB2016,BRUSHSAY2009
BRENNERB2016,BRUSHGLA2003
BRENNERB2016,CRESWELL2009
BRENNERB2016,CROMPTON2014
BRENNERB2016,DUFFIELD2006
BRENNERB2016,ERTMER1999
BRENNERB2016,FABRYHIG1997
BRENNERB2016,GRABLEOS2006
BRENNERB2016,GRONSETH2010
BRENNERB2016,HALLLOUC1975
BRENNERB2016,HOFER2005
BRENNERB2016,HOWARD2002
BRENNERB2016,ISTE2014
BRENNERB2016,JACOBSEN2002
BRENNERB2016,KAY2006
BRENNERB2016,KEELER2008
BRENNERB2016,KEENGWEO2008
BRENNERB2016,KNEZEKCH2000
BRENNERB2016,KUMARVIG2011
BRENNERB2016,LEI2009
BRENNERB2016,MCMILLAN2004
BRENNERB2016,NIEDERHA2008
BRENNERB2016,NIEDERHA2007
BRENNERB2016,OTTENBRE2011
BRENNERB2016,POLLYMIM2010
BRENNERB2016,ROGERS2000
BRENNERB2016,ROSSMANR2003
BRENNERB2016,ROYERRIC2009
BRENNERB2016,SALDENA2009
BRENNERB2016,SEELSCAM2003
BRENNERB2016,SEXTONGO2009
BRENNERB2016,STAKE1995
BRENNERB2016,STALLARD2001
BRENNERB2016,STRUDLER1999
BRENNERB2016,SWAIN2006
BRENNERB2016,USDOE2006
BRENNERB2016,WESTGRAH2007
BRENNERB2016,WHITTIER2006
BRENNERB2016,WILLIAMS2009
BRENNERB2016,WRIGHTWI2002
BROMLEYF2014,DALTONGR2013
BROMLEYF2014,DALTON2012
BROMLEYF2014,DANIELS2002
BROMLEYF2014,DAYSPIEG2002
BROMLEYF2014,FINK2005
BROMLEYF2014,GRISHAMW2006
BROMLEYF2014,LAPPMOSS2012
BROMLEYF2014,MCCALL2010
BROMLEYF2014,NGA2010
BROMLEYF2014,PETERSON1990
BROMLEYF2014,SERAFINI2013
BROMLEYF2014,SIEGEL2012
BROMLEYF2014,WHITIN2009
BROWNALF2013,AMERICAN2010
BROWNALF2013,BOLYARDM2008
BROWNALF2013,DARLINGH2009
BROWNALF2013,DARLINGH2002
BROWNALF2013,DARLINGH2006
BROWNALF2013,DARLINGH2010
BROWNALF2013,DARLINGH2005
BROWNALF2013,GARETETA2001
BROWNALF2013,GOE2007
BROWNALF2013,GUSKEY1986
BROWNALF2013,GUSKEY2002
BROWNALF2013,HANUSHEK2008
BROWNALF2013,HECK2007
BROWNALF2013,HORIZONR2000
BROWNALF2013,KOTARETA1998
BROWNALF2013,NCES2007
BROWNALF2013,NCES2009
BROWNALF2013,NRC2007
BROWNALF2013,NSB2010
BROWNALF2013,OFFICEOF2010
BROWNALF2013,PROJECTT2010
BROWNALF2013,RICE2003
BROWNALF2013,RINGSTAF2002
BROWNALF2013,SCHACTER1999
BROWNALF2013,SEGERSDO1999
BROWNALF2013,TEXASHIG2010
BROWNALF2013,THOMAS2006
BROWNALF2013,TRILLING2009
BROWNALF2013,TRONCOSO2007
BROWNALF2013,WAGNER2008
BROWNALF2013,WANGODEL2008
BROWNALF2013,WAXMANLI2003
BROWNALF2013,WEIDARLI2010
BROWNALF2013,WEIETAL2009
BROWNALF2013,WILSONFL2003
BROWNALF2013,WILSONFL2001
BROWNALF2013,YOONETAL2007
BRUCECHI2015,AGYEIVOO2011
BRUCECHI2015,ALBERS2006
BRUCECHI2015,BAILEYVA2014
BRUCECHI2015,BEACHCAM2010
BRUCECHI2015,BENGSTON2007
BRUCECHI2015,BENJAMIN2006
BRUCECHI2015,BRASS2008
BRUCECHI2015,BRUCE2008
BRUCECHI2015,BRUCE2008
BRUCECHI2015,BRUCE2009
BRUCECHI2015,BRUCE2010
BRUCECHI2015,BRUCE2015
BRUCECHI2015,CHIUKHOO2005
BRUCECHI2015,CHRISTEN2008
BRUCECHI2015,COHENWES2003
BRUCECHI2015,CUBAN2001
BRUCECHI2015,DREONKER2011
BRUCECHI2015,ERTMEROT2007
BRUCECHI2015,FLOWERHA1981
BRUCECHI2015,FRALINGE2009
BRUCECHI2015,FULWILER2012
BRUCECHI2015,GLAZERHA2009
BRUCECHI2015,GOLDSTEI1995
BRUCECHI2015,GOODMAN2003
BRUCECHI2015,GOULAH2007
BRUCECHI2015,GRABILLH2005
BRUCECHI2015,HARRISMI2009
BRUCECHI2015,HAWISHER2004
BRUCECHI2015,HENDERSO2010
BRUCECHI2015,HILLOCKS1986
BRUCECHI2015,HOFERSWA2008
BRUCECHI2015,HUGHESRO2010
BRUCECHI2015,HULLKATZ2006
BRUCECHI2015,HULLSCHU2002
BRUCECHI2015,IRA2009
BRUCECHI2015,KALANTZI2008
BRUCECHI2015,KEARNEYS2006
BRUCECHI2015,KEARNEY2011
BRUCECHI2015,KENNEDY2008
BRUCECHI2015,KOPCHA2012
BRUCECHI2015,LAWLESSP2007
BRUCECHI2015,LEANDER2009
BRUCECHI2015,LEI2009
BRUCECHI2015,LEUKINZE2004
BRUCECHI2015,MCVEEBAI2008
BRUCECHI2015,MESSARIS1994
BRUCECHI2015,MILLERBO2005
BRUCECHI2015,MILLER2007
BRUCECHI2015,MILLER2008
BRUCECHI2015,MILLER2010
BRUCECHI2015,MILLER2011
BRUCECHI2015,MILLERKN2013
BRUCECHI2015,NCW2006
BRUCECHI2015,NCTE2003
BRUCECHI2015,NCTE2007
BRUCECHI2015,NEWMEDIA2008
BRUCECHI2015,OKOJIE2011
BRUCECHI2015,PEARSON2005
BRUCECHI2015,PHELPSGR2008
BRUCECHI2015,POLLY2011
BRUCECHI2015,RANKER2008
BRUCECHI2015,RICE2008
BRUCECHI2015,RUSSELL1995
BRUCECHI2015,SALDANA2011
BRUCECHI2015,SANDHOLT1997
BRUCECHI2015,SIEGEL1995
BRUCECHI2015,SMAGORIN2002
BRUCECHI2015,SNYDERBU2008
BRUCECHI2015,STEINGIN2007
BRUCECHI2015,SUHOR1984
BRUCECHI2015,SWENSONY2006
BRUCECHI2015,WINDSCHI2002
BRUCECHI2015,YANCEY2009
BRUCECHI2015,YOUNGHIC2008
BRUCECHI2015,YOUNGLON2010
BURKEFOU2014,BEREITER2002
BURKEFOU2014,CHRISTEN2008
BURKEFOU2014,FOULGERB2013
BURKEFOU2014,FULLANST1991
BURKEFOU2014,JONES2013
BURKEFOU2014,KOEHLERM2008
BURKEFOU2014,LESLEYUN2013
BURKEFOU2014,LINCOLNG1985
BURKEFOU2014,MISHRAKO2006
BURKEFOU2014,ROGERS2003
BUSSWETZ2015,BIELEFEL2001
BUSSWETZ2015,CHAIKOHT2010
BUSSWETZ2015,COHEN1988
BUSSWETZ2015,CRESWELL2009
BUSSWETZ2015,FLAVELLW1969
BUSSWETZ2015,GREENE2007
BUSSWETZ2015,GRONSETH2010
BUSSWETZ2015,GROSSMAN1989
BUSSWETZ2015,GROSSMAN1990
BUSSWETZ2015,GUBA1981
BUSSWETZ2015,HOFERGRA2012
BUSSWETZ2015,KLEINERT2007
BUSSWETZ2015,KOEHLERM2008
BUSSWETZ2015,KOHDIVAH2011
BUSSWETZ2015,KRAUSKOP2015
BUSSWETZ2015,MISHRAKO2006
BUSSWETZ2015,MOUZAKAR2013
BUSSWETZ2015,NIESS2008
BUSSWETZ2015,NIESS2011
BUSSWETZ2015,NIESSRON2009
BUSSWETZ2015,OLEJNIKA2000
BUSSWETZ2015,OZGUNKOC2009
BUSSWETZ2015,PAMUK2011
BUSSWETZ2015,PIERSONT2005
BUSSWETZ2015,SCHMIDTB2009
BUSSWETZ2015,SHULMAN1986
BUSSWETZ2015,STRAUSSC1998
BUSSWETZ2015,TONDEURV2012
COLLIERF2013,BARNARDC2009
COLLIERF2013,CALKINS1994
COLLIERF2013,COLLINSH2009
COLLIERF2013,CRESWELL2011
COLLIERF2013,FOLEY2012
COLLIERF2013,GLASERST1967
COLLIERF2013,GRISHAMW2011
COLLIERF2013,HOBBS2011
COLLIERF2013,JENKINS2009
COLLIERF2013,JUDSON2010
COLLIERF2013,KAJDER2007
COLLIERF2013,LANKSHEA2011
COLLIERF2013,LARSON2009
COLLIERF2013,LUCEKAPL2007
COLLIERF2013,MERCHANT2010
COLLIERF2013,NCTE2004
COLLIERF2013,NEWLONDO1996
COLLIERF2013,NEWLONDO2000
COLLIERF2013,SILVERMA2009
COLLIERF2013,STREETST2008
COLLIERF2013,STREET2003
COLLIERF2013,SWEENY2010
COLLIERF2013,TASHAKKO2009
COLLIERF2013,WESCH2009
COLLIERF2013,WHITIN2009
COLLIERF2013,WILDERMO2007
COLLIERF2013,WOLSEYGR2007
CYSIS2015,CAREY2005
CYSIS2015,COGNETTA2010
CYSIS2015,CYDIS2011
CYSIS2015,CYDIS2014
CYSIS2015,DIANAN2013
CYSIS2015,ERTMER2005
CYSIS2015,HANDAL2013
CYSIS2015,JERALD2009
CYSIS2015,LAZERSON2000
CYSIS2015,LEEDYORM2005
CYSIS2015,LEU2000
CYSIS2015,MERRIAM1988
CYSIS2015,MESACOLL2005
CYSIS2015,MUELLERW2012
CYSIS2015,NEWMANNW1993
CYSIS2015,PURCELLG2002
CYSIS2015,SKORETZC2011
CYSIS2015,SMITHGRE2013
CYSIS2015,USDOE2001
CYSIS2015,WIGGINS1993
DONNAMIL2013,AMERICAN1993
DONNAMIL2013,ARMBRUST2009
DONNAMIL2013,BODZINCA2002
DONNAMIL2013,DARLINGH2005
DONNAMIL2013,DOERINGH2003
DONNAMIL2013,DUSCHLSC2007
DONNAMIL2013,ERTMER1999
DONNAMIL2013,ERTMER2005
DONNAMIL2013,FLICKBEL2000
DONNAMIL2013,FRIEDRIC2001
DONNAMIL2013,GERARDVA2011
DONNAMIL2013,GUZEYROE2009
DONNAMIL2013,HEWBRUSH2007
DONNAMIL2013,ISTE2007
DONNAMIL2013,KIRSCHNE2004
DONNAMIL2013,MILESHUB1994
DONNAMIL2013,MISHRAKO2006
DONNAMIL2013,NRC1996
DONNAMIL2013,NRC2000
DONNAMIL2013,NRC2011
DONNAMIL2013,NSTA1999
DONNAMIL2013,NSTA2003
DONNAMIL2013,NIESS2005
DONNAMIL2013,OLSONZIM2008
DONNAMIL2013,UCMP2011
DONNAMIL2013,WEBB2008
DONNAMIL2013,WINDSCHI2003
DONNAMIL2013,YERRICKH1999
DOOLEYCA2014,ALEXANDE2006
DOOLEYCA2014,BOWERSCA2011
DOOLEYCA2014,BULU2012
DOOLEYCA2014,CALANDRA2013
DOOLEYCA2014,CONNELL2008
DOOLEYCA2014,DALGARNO2010
DOOLEYCA2014,DEDENELS2004
DOOLEYCA2014,DOOLEYMA2009
DOOLEYCA2014,DOOLEY2010
DOOLEYCA2014,DOOLEYMA2012
DOOLEYCA2014,FAHRENBR2009
DOOLEYCA2014,FANGLEE2009
DOOLEYCA2014,FERET2006
DOOLEYCA2014,FORSTER2007
DOOLEYCA2014,HARRISMI2009
DOOLEYCA2014,HEWCHEUN2010
DOOLEYCA2014,INMANWRI2010
DOOLEYCA2014,JELFSWHI2000
DOOLEYCA2014,KURKJIAN2005
DOOLEYCA2014,LABBOPLA2010
DOOLEYCA2014,LANGER1990
DOOLEYCA2014,LANGER1995
DOOLEYCA2014,LAVEWENG1991
DOOLEYCA2014,MERCHANT2009
DOOLEYCA2014,MISHRAKO2006
DOOLEYCA2014,MORSINKH2011
DOOLEYCA2014,OSBORNEM2012
DOOLEYCA2014,PAMUK2012
DOOLEYCA2014,PAPERT1990
DOOLEYCA2014,PARIS2005
DOOLEYCA2014,PARRISHS2013
DOOLEYCA2014,RANDREAD2002
DOOLEYCA2014,RESNICKW1998
DOOLEYCA2014,ROSENBLA1976
DOOLEYCA2014,ROSENBLA1980
DOOLEYCA2014,ROSENBLA1983
DOOLEYCA2014,ROUSSOSJ1996
DOOLEYCA2014,SIPE2008
DOOLEYCA2014,WANGCALA2012
DOOLEYCA2014,WILLIAMS2008
DOOLEYCA2014,WOHLWEND2009
FOULGERB2013,BARUCH1999
FOULGERB2013,BLACKBOA2012
FOULGERB2013,BOGDANBI1998
FOULGERB2013,BRONFENB1992
FOULGERB2013,CISCO2013
FOULGERB2013,DOBBINDA2011
FOULGERB2013,ERICKSON1986
FOULGERB2013,HAMMONDL2010
FOULGERB2013,JOHNSONA2012
FOULGERB2013,KOEHLERM2008
FOULGERB2013,KOEHLERM2011
FOULGERB2013,MATTHEWS2012
FOULGERB2013,MISHRAKO2006
FOULGERB2013,MOBILELE2008
FOULGERB2013,MOTIWALL2007
FOULGERB2013,NETOP2013
FOULGERB2013,PARTNERS2009
FOULGERB2013,PEREZ2012
FOULGERB2013,PROJECTT2010
FOULGERB2013,PROJECTT2012
FOULGERB2013,ROGERS2003
FOULGERB2013,STRAUSSC1998
FOULGERB2013,TOMASZEW2012
FOULGERB2013,USDOE2010
FOULGERB2013,YACCINOR2013
FOULGERB2015,ANFARABR2002
FOULGERB2015,BIELEFEL2001
FOULGERB2015,BUSSWETZ2015
FOULGERB2015,CHASESIM1973
FOULGERB2015,CHIFELTO1981
FOULGERB2015,ERICSSON1994
FOULGERB2015,FOULGERB2012
FOULGERB2015,GUBA1981
FOULGERB2015,HALLHORD2006
FOULGERB2015,HARRISMI2009
FOULGERB2015,HYPERRES2013
FOULGERB2015,ISTE2000
FOULGERB2015,KOEHLERM2008
FOULGERB2015,MISHRAKO2006
FOULGERB2015,MORGAN1998
FOULGERB2015,MOURSUND1999
FOULGERB2015,PIERSONT2005
FOULGERB2015,POLLYMIM2010
FOULGERB2015,PROCTORV2006
FOULGERB2015,ROGERS2003
FOULGERB2015,SANTOS2012
FOULGERB2015,SHAPLEYB2003
FOULGERB2015,STRAUSSC1998
FOULGERB2015,TONDEURV2012
FOULGERB2015,WETZELBU2014
GREENCHA2013,ALLENWOR2009
GREENCHA2013,BETAND
GREENCHA2013,BROWNCOL1989
GREENCHA2013,CHAIKOHT2010
GREENCHA2013,COBBBOWE2009
GREENCHA2013,COLLINS1988
GREENCHA2013,COLLINSB1989
GREENCHA2013,DENZINLI2008
GREENCHA2013,ERTMERCO2003
GREENCHA2013,FRIEDMAN2006
GREENCHA2013,GLASERST1967
GREENCHA2013,GRAHAMBU2009
GREENCHA2013,GUBALINC1988
GREENCHA2013,HAMMONDF2009
GREENCHA2013,HARELPAP1991
GREENCHA2013,HOFNERGR2012
GREENCHA2013,KIMHANNA2008
GREENCHA2013,KOEHLERM2009
GREENCHA2013,KOHDIVAH2011
GREENCHA2013,LANCE2010
GREENCHA2013,LAVEWENG1991
GREENCHA2013,MARGERUM2002
GREENCHA2013,MCKENZIE1999
GREENCHA2013,MOURSUND1999
GREENCHA2013,NIESS2007
GREENCHA2013,PAJARES1992
GREENCHA2013,PARTNERS2012
GREENCHA2013,PIERSON2001
GREENCHA2013,POLLYMIM2010
GREENCHA2013,ROUX2008
GREENCHA2013,SCHELLBL1997
GREENCHA2013,SCHMIDTB2009
GREENCHA2013,STEINLAR2008
GREENCHA2013,WANGMEAN2003
GREENCHA2013,WENGER1998
GREENCHA2013,WETZELFO2008
GREENCHA2013,YOUNGYOU2012
GREENCHA2013,ÖZGÜNKOC2010
HABOWSKI2014,ACHIEVE2013
HABOWSKI2014,ANWILDER2011
HABOWSKI2014,BULLOUGH1997
HABOWSKI2014,COX2008
HABOWSKI2014,DARLINGH2005
HABOWSKI2014,FRIENDCO2004
HABOWSKI2014,GESSNEWS1999
HABOWSKI2014,GROVESTR2007
HABOWSKI2014,HOFERHAR2012
HABOWSKI2014,LAMPERTG2010
HABOWSKI2014,MAENGMUL2013
HABOWSKI2014,MCCRORY2008
HABOWSKI2014,MILESHUB1994
HABOWSKI2014,MISHRAKO2006
HABOWSKI2014,MISHRA2009
HABOWSKI2014,MISHRAKO2010
HABOWSKI2014,MORINEDE1999
HABOWSKI2014,NCATE2010
HABOWSKI2014,NRC2012
HABOWSKI2014,NIESSGIL2013
HABOWSKI2014,NIESS2005
HABOWSKI2014,NIESS2008
HABOWSKI2014,NIESSLEE2007
HABOWSKI2014,POLLYMIM2010
HABOWSKI2014,ROWANSCH2001
HABOWSKI2014,SCHMIDTB2009
HABOWSKI2014,SHINASYI2013
HABOWSKI2014,SHULMAN1986
HABOWSKI2014,TONDEURV2012
HOLLANDP2014,ABBITT2011
HOLLANDP2014,AIKENWES1991
HOLLANDP2014,AIKEN2002
HOLLANDP2014,AJZEN1985
HOLLANDP2014,AJZEN1991
HOLLANDP2014,ALLPORT1935
HOLLANDP2014,ALLPORTV1960
HOLLANDP2014,ANDERMAN2005
HOLLANDP2014,ARMITAGE1999
HOLLANDP2014,ARTINOST2009
HOLLANDP2014,BACHARAC1989
HOLLANDP2014,BAGOZZIG2002
HOLLANDP2014,BAIERTME2008
HOLLANDP2014,BANDURAL2003
HOLLANDP2014,BANDURA1977
HOLLANDP2014,BANDURA1995
HOLLANDP2014,BANDURA1997
HOLLANDP2014,BANDURA2009
HOLLANDP2014,BECKER1964
HOLLANDP2014,BECKER1993
HOLLANDP2014,BICCHIER2006
HOLLANDP2014,BICKEL2007
HOLLANDP2014,BOBKO2001
HOLLANDP2014,BOWERMAN2011
HOLLANDP2014,BRICKNER1995
HOLLANDP2014,BRINBERG1985
HOLLANDP2014,BROPHY2010
HOLLANDP2014,CALDERHE1996
HOLLANDP2014,COHENCOH2003
HOLLANDP2014,CULLENGR2011
HOLLANDP2014,DECIRYAN2000
HOLLANDP2014,DECIRYAN2002
HOLLANDP2014,DECIRYAN2008
HOLLANDP2014,DECIRYAN2012
HOLLANDP2014,DECI1975
HOLLANDP2014,DECIVALL1991
HOLLANDP2014,EAGLYCHA1993
HOLLANDP2014,ELLICKSO1991
HOLLANDP2014,ERTMEROT2010
HOLLANDP2014,ERTMER1999
HOLLANDP2014,ERTMER2005
HOLLANDP2014,FAULERDF2009
HOLLANDP2014,FEATHER1975
HOLLANDP2014,FISHBEIN1975
HOLLANDP2014,FISHBEIN2010
HOLLANDP2014,GARCIADU2005
HOLLANDP2014,GEORGEJO1994
HOLLANDP2014,GEORGEJO2000
HOLLANDP2014,GISTMITC1992
HOLLANDP2014,GRAHAM2011
HOLLANDP2014,GREEN1991
HOLLANDP2014,GREERHUD1999
HOLLANDP2014,GRIFFINO2001
HOLLANDP2014,HAIRBLAC2010
HOLLANDP2014,HAMMONDM2009
HOLLANDP2014,HANUSHEK2009
HOLLANDP2014,HARLOWSH2013
HOLLANDP2014,HAYES2005
HOLLANDP2014,HAYES2013
HOLLANDP2014,HECTOROP2001
HOLLANDP2014,HORNE2001
HOLLANDP2014,INGLIS2004
HOLLANDP2014,ISIKSAL2010
HOLLANDP2014,KAGAN1992
HOLLANDP2014,KATZKAHN1978
HOLLANDP2014,KELLYMCG1988
HOLLANDP2014,KENNEDY1998
HOLLANDP2014,KINCAID2012
HOLLANDP2014,KLEINDAN1994
HOLLANDP2014,KOEHLERM2005
HOLLANDP2014,KOEHLERM2009
HOLLANDP2014,KOEHLERM2004
HOLLANDP2014,LATHAM2009
HOLLANDP2014,LATHAM2012
HOLLANDP2014,LESCHMID2010
HOLLANDP2014,LEECHBAR2011
HOLLANDP2014,LENSKIWH1998
HOLLANDP2014,LEWISPER2012
HOLLANDP2014,LOCKELAT1984
HOLLANDP2014,LOCKELAT1990
HOLLANDP2014,LOCKELAT2004
HOLLANDP2014,LOCKELAT2013
HOLLANDP2014,MARSHALL2013
HOLLANDP2014,MCCOMBSW1997
HOLLANDP2014,MCINERNE2008
HOLLANDP2014,MEGLINOR1998
HOLLANDP2014,MEGLINO1998
HOLLANDP2014,MEGLINOR1989
HOLLANDP2014,MEGLINOR1992
HOLLANDP2014,MILBRATH2000
HOLLANDP2014,MINER2002
HOLLANDP2014,MINER2005
HOLLANDP2014,MISHRAKO2006
HOLLANDP2014,MITCHELL2001
HOLLANDP2014,MOOSAZEV2009
HOLLANDP2014,NESPOR1987
HOLLANDP2014,NIESS2012
HOLLANDP2014,NORTH1990
HOLLANDP2014,OLSONKEN2008
HOLLANDP2014,PAJARES1992
HOLLANDP2014,PALLANT2013
HOLLANDP2014,PINDERGR2009
HOLLANDP2014,PINDER2008
HOLLANDP2014,PINTRICH2000
HOLLANDP2014,PINTRICH1993
HOLLANDP2014,POSNER2000
HOLLANDP2014,PUZZIFER2008
HOLLANDP2014,RAVID2011
HOLLANDP2014,RAVLINME1987
HOLLANDP2014,RAVLINME1987
HOLLANDP2014,RAVLINME1989
HOLLANDP2014,REEVERYA2008
HOLLANDP2014,ROKEACH1968
HOLLANDP2014,ROKEACH1973
HOLLANDP2014,ROKEACH1979
HOLLANDP2014,ROSENBER1960
HOLLANDP2014,ROVALBAK2013
HOLLANDP2014,RYANDECI2000
HOLLANDP2014,RYANDECI2002
HOLLANDP2014,RYANDECI2009
HOLLANDP2014,RYAN2012
HOLLANDP2014,SAHINAKT2009
HOLLANDP2014,SAHINCEL2013
HOLLANDP2014,SCHEIBE1970
HOLLANDP2014,SCHMIDTB2009
HOLLANDP2014,SCHULTZ1971
HOLLANDP2014,SCHUNKME2013
HOLLANDP2014,SHULMAN1986
HOLLANDP2014,SHULMAN1987
HOLLANDP2014,SMITH1969
HOLLANDP2014,SMITH1992
HOLLANDP2014,SOUTHERL2001
HOLLANDP2014,STIPEK2002
HOLLANDP2014,TABACHNI1989
HOLLANDP2014,TABACHNI2013
HOLLANDP2014,TERRYO'L1995
HOLLANDP2014,THORNGAT1976
HOLLANDP2014,TSCHANNE2001
HOLLANDP2014,TSCHANNE1998
HOLLANDP2014,VALLERAN2002
HOLLANDP2014,VALLERAN1992
HOLLANDP2014,VOGT2007
HOLLANDP2014,VOOGTFIS2012
HOLLANDP2014,WANG2009
HOLLANDP2014,WANGERTM2004
HOLLANDP2014,WEICK1979
HOLLANDP2014,WEINER1972
HOLLANDP2014,WEINER1980
HOLLANDP2014,WEINER1986
HOLLANDP2014,WEINER1990
HOLLANDP2014,WETZELMA2011
HOLLANDP2014,WHETTEN1989
HOLLANDP2014,WOOLLEYB2004
HOLLANDP2014,YAGER1991
HOLLANDP2014,YURDAKUL2012
HOLLANDP2014,ZANNAREM1988
HOLLANDP2014,ZIMMERMA2011
HOLLANDP2014,RYANDECI2000
HOLLANDP2016,ABBITT2011
HOLLANDP2016,AFSHARTO2011
HOLLANDP2016,AIKENWES1991
HOLLANDP2016,ARCHAMBA2010
HOLLANDP2016,ARNOLD1982
HOLLANDP2016,ARTINOST2009
HOLLANDP2016,ASHER1983
HOLLANDP2016,BANDURAL2003
HOLLANDP2016,BARONKEN1986
HOLLANDP2016,BERRY1984
HOLLANDP2016,BOBKO2001
HOLLANDP2016,BROPHY2010
HOLLANDP2016,CULLENGR2011
HOLLANDP2016,DAVIS1985
HOLLANDP2016,DECIRYAN2000
HOLLANDP2016,DECI1975
HOLLANDP2016,EDWARDSL2007
HOLLANDP2016,FRAZIERT2004
HOLLANDP2016,GRAHAM2011
HOLLANDP2016,HAIRBLAC2010
HOLLANDP2016,HAYES2005
HOLLANDP2016,HAYES2013
HOLLANDP2016,HOLLANDP2014
HOLLANDP2016,KOEHLERM2005
HOLLANDP2016,KOEHLERM2007
HOLLANDP2016,KOHCHAI2014
HOLLANDP2016,KOHCHAIT2014
HOLLANDP2016,LATHAM2009
HOLLANDP2016,LATHAM2009
HOLLANDP2016,LATHAM2012
HOLLANDP2016,LOCKELAT2013
HOLLANDP2016,LOCKELAT1984
HOLLANDP2016,LOCKELAT1990
HOLLANDP2016,LOCKELAT2004
HOLLANDP2016,MACCALLU1999
HOLLANDP2016,MANDINAC2012
HOLLANDP2016,MISHRAKO2006
HOLLANDP2016,PALLANT2013
HOLLANDP2016,PINTRICH1993
HOLLANDP2016,PREACHER2007
HOLLANDP2016,REEVERYA2008
HOLLANDP2016,ROSENBER2015
HOLLANDP2016,ROVALBAK2013
HOLLANDP2016,SAHINAKT2009
HOLLANDP2016,SAHINCEL2013
HOLLANDP2016,SAUNDERS1956
HOLLANDP2016,SCHMIDTB2009
HOLLANDP2016,SCHUNKPI2008
HOLLANDP2016,SHARMA1996
HOLLANDP2016,SHARMADU1981
HOLLANDP2016,SHULMAN1987
HOLLANDP2016,STIPEK2002
HOLLANDP2016,TABACHNI2013
HOLLANDP2016,THOMPSON2000
HOLLANDP2016,THOMPSON2006
HOLLANDP2016,VOGT2007
HOLLANDP2016,VOOGTFIS2012
HOLLANDP2016,WANG2009
HOLLANDP2016,YURDAKUL2012
HOLLANDP2016,ZIMMERMA2011
HSU2013,ALLSOPPM2009
HSU2013,ANDERSON2007
HSU2013,BAIERTME2008
HSU2013,BRUSHGLA2003
HSU2013,CALDERHE1996
HSU2013,CHALIESB2010
HSU2013,ERTMER2005
HSU2013,GARDINER2010
HSU2013,GUVENCAK2009
HSU2013,HEWBRUSH2007
HSU2013,HEWSON1984
HSU2013,HUSUTOOM2008
HSU2013,JUDSON2006
HSU2013,LEVINWAD2006
HSU2013,LIN2008
HSU2013,LINCOLNG1985
HSU2013,MILLERME2003
HSU2013,MISHRAKO2006
HSU2013,NILSSONV2010
HSU2013,OTTENBRE2010
HSU2013,PALAKWAL2009
HSU2013,PARAJES1992
HSU2013,PATTON1990
HSU2013,POSNERST1982
HSU2013,ROKEACH1968
HSU2013,RUSSELLB2004
HSU2013,STAKE1995
HSU2013,STATEEDU2007
HSU2013,USDOE2010
HSU2013,VACCBRIG1999
HSU2013,ZEICHNER2010
HUGHES2013,ALLSOPPM2009
HUGHES2013,ANDERSON2007
HUGHES2013,ANDERSON2007
HUGHES2013,ANGELIVA2005
HUGHES2013,ANGELIVA2009
HUGHES2013,BANDURA1977
HUGHES2013,BECKERAN1998
HUGHES2013,BORKOWHI2009
HUGHES2013,BRINKERH2006
HUGHES2013,CALANDRA2010
HUGHES2013,CARTER1990
HUGHES2013,CASSIDYE2002
HUGHES2013,CAVINFER2007
HUGHES2013,CHEN2010
HUGHES2013,CLIFTMUL2001
HUGHES2013,COCHRANS2005
HUGHES2013,COLE1996
HUGHES2013,CCSSI2010
HUGHES2013,CCSSI2010
HUGHES2013,COXGRAHA2009
HUGHES2013,CRESWELL1998
HUGHES2013,CULLENGR2011
HUGHES2013,EDUCAUSE2008
HUGHES2013,ERTMEROT2010
HUGHES2013,ERTMEROT2007
HUGHES2013,FIRESTON1993
HUGHES2013,FRIEDMAN2006
HUGHES2013,FULLAN2007
HUGHES2013,GRAHAM2011
HUGHES2013,GREENHOW2009
HUGHES2013,GREENO1989
HUGHES2013,GREENOCO1996
HUGHES2013,HATCHSUN2009
HUGHES2013,HOLCOMBK2004
HUGHES2013,HUGHES2004
HUGHES2013,HUGHES2005
HUGHES2013,JENKINS2006
HUGHES2013,JIMOYIAN2010
HUGHES2013,JOHNSONA2011
HUGHES2013,KAY2006
HUGHES2013,KAY2006
HUGHES2013,KAY2007
HUGHES2013,KAY2007
HUGHES2013,KOHDIVAH2011
HUGHES2013,LIPSCOMB2005
HUGHES2013,MACKINNO2006
HUGHES2013,MARGERUM2002
HUGHES2013,MARTINEZ2010
HUGHES2013,MEYERS2006
HUGHES2013,MISHRAKO2006
HUGHES2013,MOURSUND1999
HUGHES2013,MOUZAWON2009
HUGHES2013,NIESS2005
HUGHES2013,NIESS2011
HUGHES2013,OVERBAYP2010
HUGHES2013,OZGUNKOC2010
HUGHES2013,PATTON2002
HUGHES2013,PORTERMC2011
HUGHES2013,RAVITZBE2000
HUGHES2013,RICHHANN2009
HUGHES2013,ROSAENLU2008
HUGHES2013,SANGVALC2010
HUGHES2013,SANTAGAT2009
HUGHES2013,SAVERYRE2006
HUGHES2013,SCHMIDTB2009
HUGHES2013,SHERINVA2005
HUGHES2013,SHERINVA2009
HUGHES2013,STAKE1995
HUGHES2013,STIGLERH1999
HUGHES2013,TEELEE2011
HUGHES2013,THOMPSON2003
HUGHES2013,TOTHERO2005
HUGHES2013,VYGOTSKY1978
HUGHES2013,WANG2002
HUGHES2013,WILLISME1996
HUGHES2013,YERRICKR2005
HUGHES2013,ZHAOPUGH2002
HUTCHISO2016,CCSSI2010
HUTCHISO2016,GRAHAMBO2012
HUTCHISO2016,HOFERGRA2012
HUTCHISO2016,HUTCHISO2011
HUTCHISO2016,HUTCHISO2014
HUTCHISO2016,HUTCHISO2012
HUTCHISO2016,IRA2009
HUTCHISO2016,KALOTAHU2013
HUTCHISO2016,LEI2009
HUTCHISO2016,LEUFORZA2014
HUTCHISO2016,LEUKINZE2004
HUTCHISO2016,MAXWELL2012
HUTCHISO2016,MISHRAKO2006
HUTCHISO2016,NCTE2008
HUTCHISO2016,OTTENBRE2010
HUTCHISO2016,PARTNERS2010
HUTCHISO2016,PATTON1999
HUTCHISO2016,PEARSONG1983
HUTCHISO2016,POPEHARE2002
HUTCHISO2016,SHULMAN1986
HUTCHISO2016,TONDEURV2012
HUTCHISO2016,TRUST2012
HUTCHISO2016,WANGHSUR2014
HUTCHISO2016,YIN2013
HUTCHISO2016,YOUNGHOF2009
KALE2013,ABBITT2011
KALE2013,ALBION2008
KALE2013,ALEXANDE2009
KALE2013,BARABDED2007
KALE2013,BAUER2000
KALE2013,BEHETSVE2004
KALE2013,BENNETTM2008
KALE2013,BONNERCH2009
KALE2013,BRANSFOR2002
KALE2013,BRUSHSAY2007
KALE2013,BRUSHGLA2003
KALE2013,BULLSAYE2007
KALE2013,BULLHAMM2008
KALE2013,CHAIKOHT2010
KALE2013,CHAIKOHT2011
KALE2013,CHANEYCU1998
KALE2013,CLARYWAN2010
KALE2013,COCHRAND1993
KALE2013,DOERINGH2003
KALE2013,DUTTDONE2005
KALE2013,GRAHAMBU2010
KALE2013,GRAHAMBU2009
KALE2013,GREENHOW2009
KALE2013,GROVESTR2004
KALE2013,HARRISMI2009
KALE2013,HERRING2004
KALE2013,HINKLEWI1998
KALE2013,HIXONSO2009
KALE2013,HURCULLE2010
KALE2013,IESD2009
KALE2013,JING2009
KALE2013,JOHNSONL2011
KALE2013,KOEHLERM2007
KALE2013,KOHDIVAH2011
KALE2013,KUMARVIG2011
KALE2013,LAMBJOHN2010
KALE2013,LEMAISTR2010
KALE2013,LUXBANGE2011
KALE2013,MAYRATHT2010
KALE2013,MEAGHERO2011
KALE2013,MERRIAM1998
KALE2013,MISHRAKO2006
KALE2013,MISHRAKO2009
KALE2013,NIESSVAN2011
KALE2013,NILSSON2008
KALE2013,NORTONHA2008
KALE2013,PARKISON2008
KALE2013,PARTNERS2004
KALE2013,PARTNERS2004
KALE2013,PATTERSO2006
KALE2013,REICHMUR2012
KALE2013,RICEJOHN2007
KALE2013,ROSENNEL2008
KALE2013,SASCHOOL2008
KALE2013,SCHMIDTB2009
KALE2013,SHERINHA2004
KALE2013,SHERINVA2009
KALE2013,SHULMAN1986
KALE2013,SOLOMONS2007
KALE2013,TEAHAN2006
KALE2013,TESAR2011
KALE2013,WARDOVER2011
KALE2013,WEBBCOX2004
KALE2013,WRIGHTWI2006
KALE2013,ZHANG2009
KIMMONSM2015,AGRESTI2013
KIMMONSM2015,ALAWIDIA2012
KIMMONSM2015,BARAK2010
KIMMONSM2015,BERNARDA2004
KIMMONSM2015,BLOODNEE2008
KIMMONSM2015,BORKOWHI2009
KIMMONSM2015,CCSSI2010
KIMMONSM2015,COOKWEIS2010
KIMMONSM2015,CRESWELL2003
KIMMONSM2015,CUBAN1988
KIMMONSM2015,DARLINGH2002
KIMMONSM2015,DAWSON2006
KIMMONSM2015,DEWEY1933
KIMMONSM2015,DILLMANS2009
KIMMONSM2015,DONNAMIL2013
KIMMONSM2015,DONNISON2007
KIMMONSM2015,EDWARDS1948
KIMMONSM2015,ERTMER1999
KIMMONSM2015,ERTMER2005
KIMMONSM2015,FORSTERM2003
KIMMONSM2015,GAUCIDAN2009
KIMMONSM2015,HOFERGRA2012
KIMMONSM2015,HUGHESTH2006
KIMMONSM2015,IDAHOSTA2011
KIMMONSM2015,JAGGARSB2010
KIMMONSM2015,JENKINSC2006
KIMMONSM2015,KIMMONSHND
KIMMONSM2015,MARZANO2009
KIMMONSM2015,MASONBER2000
KIMMONSM2015,MEANSTOY2013
KIMMONSM2015,MISHRAKO2006
KIMMONSM2015,MISHRAKO2007
KIMMONSM2015,NETS2012
KIMMONSM2015,NIESS2005
KIMMONSM2015,PARETTEH2004
KIMMONSM2015,PEA1985
KIMMONSM2015,ROBLYERD2013
KIMMONSM2015,ROMANOSC2005
KIMMONSM2015,SELWYN2009
KIMMONSM2015,SHAFFERC2009
KIMMONSM2015,STANFORD2007
KIMMONSM2015,STOWELLO2010
KIMMONSM2015,TALLENTR2006
KIMMONSM2015,USDOE2002
KIMMONSM2015,VANNATTA2001
KIMMONSM2015,VELETSIA2013
KIMMONSM2015,WALKERRE2012
KIMMONSM2015,YOSTSENT2000
KIMMONSM2015,ZHAOLEIY2005
KIMMONSM2015,ZIMMERMA1989
KOPCHADI2016,ABRAMOVI2013
KOPCHADI2016,BAXTERJA2008
KOPCHADI2016,BEDWELLP2012
KOPCHADI2016,BONKDENN2005
KOPCHADI2016,CARINIKU2006
KOPCHADI2016,CHAN2010
KOPCHADI2016,CSIKSZEN1990
KOPCHADI2016,DAVIDSON2011
KOPCHADI2016,DEMARCOS2014
KOPCHADI2016,DECIRYAN2000
KOPCHADI2016,DICHEVAD2015
KOPCHADI2016,DICKEY2005
KOPCHADI2016,DICKEY2006
KOPCHADI2016,DOMÍNGUE2013
KOPCHADI2016,DRISKELL1984
KOPCHADI2016,ERTMEROT2012
KOPCHADI2016,FRICKCHA2009
KOPCHADI2016,GARRISAH2002
KOPCHADI2016,GEE2004
KOPCHADI2016,GEE2007
KOPCHADI2016,GIBBONS2013
KOPCHADI2016,GOEHLE2013
KOPCHADI2016,HOLTKLEI2009
KOPCHADI2016,HSULU2007
KOPCHADI2016,JOHNSONA2014
KOPCHADI2016,KAPP2012
KOPCHADI2016,KE2008
KOPCHADI2016,KNOWLES1980
KOPCHADI2016,MALONELE1987
KOPCHADI2016,MALONE1981
KOPCHADI2016,MCGONIGA2011
KOPCHADI2016,MERRILL2002
KOPCHADI2016,MUNTEAN2011
KOPCHADI2016,NEA2011
KOPCHADI2016,PATTEN2001
KOPCHADI2016,RICE2007
KOPCHADI2016,RIEBER1996
KOPCHADI2016,ROSARIOW2009
KOPCHADI2016,RYANDECI2000
KOPCHADI2016,SWEETSER2005
KOPCHADI2016,WILSONBE2008
KOVALIKK2013,ALLEN2007
KOVALIKK2013,ATKAY2009
KOVALIKK2013,BRUSHGLA2008
KOVALIKK2013,CASPERSB2007
KOVALIKK2013,CHEN2010
KOVALIKK2013,FLEMINGM2007
KOVALIKK2013,HARTSHOR2009
KOVALIKK2013,KIMHANNA2011
KOVALIKK2013,KNIGHT2005
KOVALIKK2013,KOCBAKIR2010
KOVALIKK2013,KOHFRISK2009
KOVALIKK2013,KOH2011
KOVALIKK2013,KOLOWICH2011
KOVALIKK2013,LEI2009
KOVALIKK2013,LOMAX2007
KOVALIKK2013,MARKAUSK2007
KOVALIKK2013,MINAIDIH2005
KOVALIKK2013,MISHRAKO2006
KOVALIKK2013,MORRISON1997
KOVALIKK2013,POLLYMOO2008
KOVALIKK2013,STAKE1995
KOVALIKK2013,STOBAUGH2011
KOVALIKK2013,TEO2009
KOVALIKK2013,WICOXON1945
KOVALIKK2013,WILLIAMS2007
KOVALIKK2013,XIAODONG2010
LEEKIM2014,BLOOM1956
LEEKIM2014,CASTILLO2009
LEEKIM2014,DBRC2003
LEEKIM2014,ELLSWORT2000
LEEKIM2014,GAGNÉWAG2005
LEEKIM2014,GRAHAMBU2009
LEEKIM2014,GUSTAFSO2002
LEEKIM2014,HALLDIRK2006
LEEKIM2014,HANNAFIN1997
LEEKIM2014,JANGGUAN2009
LEEKIM2014,KALANTZI2005
LEEKIM2014,KIMKIMLE2013
LEEKIM2014,KOEHLERM2005
LEEKIM2014,KOEHLERM2009
LEEKIM2014,KOEHLERM2007
LEEKIM2014,LEEKIM2014
LEEKIM2014,MAYRING2000
LEEKIM2014,MERRIAM1988
LEEKIM2014,MERRIAM1995
LEEKIM2014,MERRILL2002
LEEKIM2014,MERRILL2009
LEEKIM2014,MISHRAKO2006
LEEKIM2014,NCES2008
LEEKIM2014,PLOMP2007
LEEKIM2014,REEVES2006
LEEKIM2014,SAHIN2011
LEEKIM2014,SCHMIDTB2009
LEEKIM2014,SHULMAN1987
LEEKIM2014,SIMONS2009
LEEKIM2014,VANDENAK2006
LEEKIM2014,WOLCOTT1994
LEEKIM2014,YIN2009
LEEKIM2014B,ANGELIVA2005
LEEKIM2014B,ANGELI2005
LEEKIM2014B,AECT2012
LEEKIM2014B,BANDURA1977
LEEKIM2014B,BERSPONT2002
LEEKIM2014B,BOGDANBI2003
LEEKIM2014B,DAVISFAL2002
LEEKIM2014B,ERTMER1999
LEEKIM2014B,ERTMER2005
LEEKIM2014B,FERNÁNDE2005
LEEKIM2014B,FERNÁNDE2010
LEEKIM2014B,GAGNÉWAG2005
LEEKIM2014B,GRAHAMBU2009
LEEKIM2014B,GÜLERALT2010
LEEKIM2014B,GUSTAFSO2002
LEEKIM2014B,HALL2010
LEEKIM2014B,HEWBRUSH2007
LEEKIM2014B,HJALMARS2008
LEEKIM2014B,ISTE2008
LEEKIM2014B,JANGCHEN2010
LEEKIM2014B,JANGGUAN2009
LEEKIM2014B,JIMOYIAN2010
LEEKIM2014B,JONASSEN2008
LEEKIM2014B,KAGAN1992
LEEKIM2014B,KALANTZI2008
LEEKIM2014B,KIMKELLE2011
LEEKIM2014B,KIMHANNA2007
LEEKIM2014B,KIMKIMLE2013
LEEKIM2014B,KOEHLERM2005
LEEKIM2014B,KOEHLERM2009
LEEKIM2014B,KOEHLERM2007
LEEKIM2014B,MAYRING2000
LEEKIM2014B,MERRIAM1995
LEEKIM2014B,MERRILL2002
LEEKIM2014B,MERRILL2007
LEEKIM2014B,MERRILL2009
LEEKIM2014B,MISHRAKO2006
LEEKIM2014B,NCES2008
LEEKIM2014B,NSTA2003
LEEKIM2014B,NIESS2005
LEEKIM2014B,POLLYMCG2010
LEEKIM2014B,POLLYMIM2010
LEEKIM2014B,SAHIN2011
LEEKIM2014B,SANDHOLT1997
LEEKIM2014B,SCHMIDTB2009
LEEKIM2014B,SEEL2003
LEEKIM2014B,SHULMAN1987
LEEKIM2014B,SHUTEJEO2009
LEEKIM2014B,SIMMONS2009
LEEKIM2014B,SPRADLEY1980
LEEKIM2014B,THOMPSON2007
LEEKIM2014B,TSCHANNE2001
LEEKIM2014B,VOOGTTIL2009
LEEKIM2014B,WILLIAMS2004
LEEKIM2014B,WOLCOTT1994
LEEKIM2014B,YOONHOHE2006
LEWIS2015,ALLISON2012
LEWIS2015,ANDERSON2007
LEWIS2015,ANGELIVA2005
LEWIS2015,ASHSUNSU2002
LEWIS2015,BENNETT2000
LEWIS2015,BRANTLEY2007
LEWIS2015,BROWNE2009
LEWIS2015,BRUSHGLA2003
LEWIS2015,CHESLEYJ2012
LEWIS2015,COKLAROD2010
LEWIS2015,COMBSGIB2008
LEWIS2015,CAEPND
LEWIS2015,CRABTREE1999
LEWIS2015,CRESWELL2008
LEWIS2015,CULLENGR2011
LEWIS2015,DILLMAN2000
LEWIS2015,DOERINGH2003
LEWIS2015,FOULGERB2012
LEWIS2015,FOWLER2009
LEWIS2015,FRANKLIN2007
LEWIS2015,FRIEDMAN2009
LEWIS2015,GRAHAMTR2009
LEWIS2015,GREENHOW2008
LEWIS2015,GRONSETH2010
LEWIS2015,HARGITTA2010
LEWIS2015,HARM2008
LEWIS2015,HOGARTYL2003
LEWIS2015,HSU2010
LEWIS2015,HUTCHISO2011
LEWIS2015,ISTE2008
LEWIS2015,JOHNSONA2013
LEWIS2015,JONESCUN2005
LEWIS2015,JONGPILJ2010
LEWIS2015,JOSEPHJA2010
LEWIS2015,KEELER2008
LEWIS2015,KOCHHEOK2012
LEWIS2015,KUMARVIG2011
LEWIS2015,LEI2009
LEWIS2015,MARVIN2004
LEWIS2015,MISHRAKO2006
LEWIS2015,MORPHEW2012
LEWIS2015,MORSE2010
LEWIS2015,NOLANKEL2002
LEWIS2015,OZEN2013
LEWIS2015,POLLY2012
LEWIS2015,REHMATBA2014
LEWIS2015,SCHMIDTB2009
LEWIS2015,SHERMAN2014
LEWIS2015,SMARKOLA2007
LEWIS2015,TAYLORDU2006
LEWIS2015,THOMASKN1999
LEWIS2015,TONDEURV2012
LEWIS2015,WEINBURG2003
LEWIS2015,WESTGRAH2007
LEWIS2015,WETZELWI2005
LEWIS2015,WETZELFO2009
LEWIS2015,WILLIAMS2007
LYUBLINS2014,ALBE2003
LYUBLINS2014,ANGELIVA2009
LYUBLINS2014,BROWNWAR2006
LYUBLINS2014,CHAIKOHT2010
LYUBLINS2014,COHEN1969
LYUBLINS2014,FANG1996
LYUBLINS2014,GOKTASYI2009
LYUBLINS2014,GOLDENBE2000
LYUBLINS2014,GRAHAMCU2004
LYUBLINS2014,GREENHOW2009
LYUBLINS2014,GROSSMAN1989
LYUBLINS2014,GROTHSPI2009
LYUBLINS2014,HARRISGR2010
LYUBLINS2014,HSUSHARM2006
LYUBLINS2014,JONESWES2010
LYUBLINS2014,KAY2006
LYUBLINS2014,KILGOREG2003
LYUBLINS2014,KOEHLERM2007
LYUBLINS2014,LAWLESSP2007
LYUBLINS2014,LYUBLINS2012
LYUBLINS2014,MIKE2000
LYUBLINS2014,MISHRAKO2006
LYUBLINS2014,MISHRAKO2009
LYUBLINS2014,NIESS2005
LYUBLINS2014,NIESS2011
LYUBLINS2014,NIESSRON2009
LYUBLINS2014,OTTENBRE2010
LYUBLINS2014,SANGVALC2010
LYUBLINS2014,SCHMIDTB2009
LYUBLINS2014,SHOFFNER2007
LYUBLINS2014,STEVENS2002
LYUBLINS2014,THOMPSON2007
LYUBLINS2014,TOURNAKI2014
MADERICK2015,ALAMUTKA2011
MADERICK2015,ALICKE1985
MADERICK2015,ANGELIVA2009
MADERICK2015,ARNOLDWI1985
MADERICK2015,ASHTON2014
MADERICK2015,BAILEY1979
MADERICK2015,BALLANTI2007
MADERICK2015,BOUDFALC1989
MADERICK2015,BOUDKILT1985
MADERICK2015,BOUD1989
MADERICK2015,BOUD1995
MADERICK2015,BREIDERT2009
MADERICK2015,BROPHY2004
MADERICK2015,BROWN2006
MADERICK2015,CETF2008
MADERICK2015,CALVANIC2008
MADERICK2015,CHAIKOHT2010
MADERICK2015,CHEN1986
MADERICK2015,CHENGPLA1985
MADERICK2015,CHIU1975
MADERICK2015,COLLINSW1987
MADERICK2015,CAEP2014
MADERICK2015,COVELLO2010
MADERICK2015,CUBAN2001
MADERICK2015,DAHLSTRO2013
MADERICK2015,DUNNINGM1989
MADERICK2015,ETS2010
MADERICK2015,ERTMER1999
MADERICK2015,EVANSSIM1989
MADERICK2015,FEISTRIT2011
MADERICK2015,FERRARI2012
MADERICK2015,FINGERJA2010
MADERICK2015,FISHHOFF1977
MADERICK2015,GABRIEL1985
MADERICK2015,HARRISMI2009
MADERICK2015,HOHLFELD2010
MADERICK2015,ICDLF2013
MADERICK2015,ISTE2008
MADERICK2015,ISTE2008
MADERICK2015,ITALIANM2009
MADERICK2015,JANG2010
MADERICK2015,JOYCEWEI1972
MADERICK2015,KENNGWEO2008
MADERICK2015,KLETKEVA1992
MADERICK2015,KRUGERDU1999
MADERICK2015,KRUGER1999
MADERICK2015,LARSONSM1994
MADERICK2015,LEESONG2004
MADERICK2015,LEI2009
MADERICK2015,LEVINARA2002
MADERICK2015,LIRANIER2010
MADERICK2015,#VALUE!
MADERICK2015,LUNDEBER1994
MADERICK2015,LUNDEBER2000
MADERICK2015,MAKIJONA1994
MADERICK2015,MCCOURTL2003
MADERICK2015,MCMILLAN2008
MADERICK2015,MEHDIZAD2014
MADERICK2015,MISHRAKO2006
MADERICK2015,MORELAND1981
MADERICK2015,MURPHYCO1989
MAENGMUL2013,ANDERSON2002
MAENGMUL2013,ARDACSEZ2002
MAENGMUL2013,BAUERKEN2005
MAENGMUL2013,BELLTRUN2008
MAENGMUL2013,BELL2005
MAENGMUL2013,BELLMAENND
MAENGMUL2013,BELLSMET2005
MAENGMUL2013,BERNSSWA2000
MAENGMUL2013,BLUMENFE1994
MAENGMUL2013,BODZINPA2005
MAENGMUL2013,BOGDENBI1992
MAENGMUL2013,BULLGARO2004
MAENGMUL2013,CHANGTSA2005
MAENGMUL2013,CLARK1983
MAENGMUL2013,COTHRONG2000
MAENGMUL2013,CRAWFORD2000
MAENGMUL2013,DANIKOEN2008
MAENGMUL2013,DICKERSO2007
MAENGMUL2013,FLICKBEL2000
MAENGMUL2013,GESSNEWS2003
MAENGMUL2013,GUZEYROE2009
MAENGMUL2013,HENNESSY2006
MAENGMUL2013,HIGGINSS2008
MAENGMUL2013,IES2010
MAENGMUL2013,ISTE2008
MAENGMUL2013,IRVING2009
MAENGMUL2013,JANGCHEN2010
MAENGMUL2013,JOHNSON2006
MAENGMUL2013,KIMHANNA2007
MAENGMUL2013,KOEHLERM2008
MAENGMUL2013,LEDERMAN2012
MAENGMUL2013,LEELINNV2010
MAENGMUL2013,LINNDAVI2004
MAENGMUL2013,LINNLEET2006
MAENGMUL2013,LOUCKSHO2010
MAENGMUL2013,LUFTROEH2003
MAENGMUL2013,MARTINEZ2012
MAENGMUL2013,MCCRORY2008
MAENGMUL2013,METCALFT2004
MAENGMUL2013,MISHRAKO2006
MAENGMUL2013,MISHRAKO2007
MAENGMUL2013,MISTLERJ2000
MAENGMUL2013,NRC1996
MAENGMUL2013,NRC2000
MAENGMUL2013,NRC2012
MAENGMUL2013,NIESS2005
MAENGMUL2013,NORRISSO2002
MAENGMUL2013,OZGUNKOC2009
MAENGMUL2013,PERKINS2002
MAENGMUL2013,SANDHOLT1997
MAENGMUL2013,SCALISET2011
MAENGMUL2013,SCHNITTK2009
MAENGMUL2013,SCHNITTK2009
MAENGMUL2013,SCHNITTK2007
MAENGMUL2013,SCHRUMTH2007
MAENGMUL2013,SCHWARTZ2005
MAENGMUL2013,SMETANAB2009
MAENGMUL2013,SMETANAB2011
MAENGMUL2013,SOLOWAYN2001
MAENGMUL2013,SUPOVITZ2000
MAENGMUL2013,TRUNDLEB2010
MAENGMUL2013,VANJOOLI2007
MAENGMUL2013,VARMAHUS2008
MAENGMUL2013,WILLIAMS2004
MAENGMUL2013,WINDSCHI2001
MAENGMUL2013,WINNSTAH2005
MAENGMUL2013,ZACHARIA2003
MAENGMUL2013,ZATZBELL2009
MAENGMUL2013,ZUCKERTI2008
MOURLAMM2015,ADIGUZEL2011
MOURLAMM2015,BAIRDFIS2005
MOURLAMM2015,BRITZMAN2003
MOURLAMM2015,DANIELEW2001
MOURLAMM2015,DONOVANG2011
MOURLAMM2015,ERTMEROT2010
MOURLAMM2015,FEIMANNE1996
MOURLAMM2015,FEIMANNE2001
MOURLAMM2015,GOODMAN1992
MOURLAMM2015,IPADAGOG2014
MOURLAMM2015,JOHNSON2005
MOURLAMM2015,KEARNEYM2013
MOURLAMM2015,LORTIE1975
MOURLAMM2015,PAPERT1987
MOURLAMM2015,RICHARDS1996
MOURLAMM2015,ROGERS2003
MOURLAMM2015,SCHUSSLE2007
MOURLAMM2015,SHAPLEYS2010
MOURLAMM2015,STORZHOF2013
MOUZAKAR2013,ANGELIVA2009
MOUZAKAR2013,BENNETMA2008
MOUZAKAR2013,BERLINER1985
MOUZAKAR2013,BIRMINGH2004
MOUZAKAR2013,DARLINGH2002
MOUZAKAR2013,DERRYHME2005
MOUZAKAR2013,DEWEY1933
MOUZAKAR2013,DIETZDAV2009
MOUZAKAR2013,GESSNEWS2002
MOUZAKAR2013,GOMEZSHE2008
MOUZAKAR2013,GROSSMAN2009
MOUZAKAR2013,HAMMERNE2005
MOUZAKAR2013,HAMMERNE2002
MOUZAKAR2013,HARRISHO2009
MOUZAKAR2013,HARRISGR2010
MOUZAKAR2013,HIEBERTM2007
MOUZAKAR2013,KARCHMER2001
MOUZAKAR2013,KELLY2008
MOUZAKAR2013,KINUTHIA2010
MOUZAKAR2013,KOEHLERM2008
MOUZAKAR2013,KORTHAGE1999
MOUZAKAR2013,LAMPERTB1998
MOUZAKAR2013,LAMPERT2010
MOUZAKAR2013,LEATHAM2008
MOUZAKAR2013,LEE2005
MOUZAKAR2013,LINCOLNG1985
MOUZAKAR2013,LOH2003
MOUZAKAR2013,LUNENBER2009
MOUZAKAR2013,MCCRORY2008
MOUZAKAR2013,MERSETH1996
MOUZAKAR2013,MILESHUB1994
MOUZAKAR2013,MISHRAKO2006
MOUZAKAR2013,NIESS2005
MOUZAKAR2013,NIESS2008
MOUZAKAR2013,NIESSSAD2007
MOUZAKAR2013,NILSSON2008
MOUZAKAR2013,PRENSKY2005
MOUZAKAR2013,ROBLYER2004
MOUZAKAR2013,SANDHOLT1997
MOUZAKAR2013,SCHMIDTB2009
MOUZAKAR2013,SCHON1987
MOUZAKAR2013,SHULMAN1986
MOUZAKAR2013,VALANIDE2008
MOUZAKAR2013,VALANIDE2008
MOUZAKAR2013,WHITCOMB1997
MOUZAKAR2013,WILSONBE1999
NIESSGIL2013,BORKOSTE2007
NIESSGIL2013,DAVISLOV2011
NIESSGIL2013,DAVISPRE2009
NIESSGIL2013,DECI1992
NIESSGIL2013,ERICKSON2006
NIESSGIL2013,ERTMEROT2010
NIESSGIL2013,FULLANST1991
NIESSGIL2013,GUZYROEH2012
NIESSGIL2013,HECHTERV2011
NIESSGIL2013,HIDIRENN2006
NIESSGIL2013,JONES2010
NIESSGIL2013,KEATINGE2001
NIESSGIL2013,KOEHLERM2008
NIESSGIL2013,LEDERMAN1997
NIESSGIL2013,MCGINNIS2002
NIESSGIL2013,MEIERHOV2010
NIESSGIL2013,MISHRAKO2006
NIESSGIL2013,NRC2007
NIESSGIL2013,NSB2009
NIESSGIL2013,NSTA2010
NIESSGIL2013,NIESS2005
NIESSGIL2013,NIESS2011
NIESSGIL2013,NIESSSAD2007
NIESSGIL2013,NIESSVAN2011
NIESSGIL2013,RIGGSENO1993
NIESSGIL2013,SHAVELSO2003
NIESSGIL2013,SRISAWAS2012
NIESSGIL2013,SWADAPIL2000
NIESSGIL2013,SWADAPIL2002
NIESSGIL2013,VESCIORO2006
NIESSGIL2013,WHITEHOU2009
NIESSGIL2013,ZHAOPUGH2002
NUSSLIOH2014,BARBOURR2009
NUSSLIOH2014,BLANKENS2012
NUSSLIOH2014,CAMPBELL2009
NUSSLIOH2014,CHEAL2009
NUSSLIOH2014,CHILDRES2006
NUSSLIOH2014,COMPTOND2010
NUSSLIOH2014,CTRLALTT2013
NUSSLIOH2014,DALGARNO2010
NUSSLIOH2014,DALGARNO2002
NUSSLIOH2014,DALGARNO2013
NUSSLIOH2014,DAVIDSON2009
NUSSLIOH2014,DAVISROB2007
NUSSLIOH2014,DEUTSCHM2009
NUSSLIOH2014,DICKEY2011
NUSSLIOH2014,DIPIETRO2010
NUSSLIOH2014,FETSCHER2008
NUSSLIOH2014,GAMAGETR2011
NUSSLIOH2014,GOODHOWL2008
NUSSLIOH2014,GREGORYM2012
NUSSLIOH2014,GUASCHAL2010
NUSSLIOH2014,GUZZETTI2010
NUSSLIOH2014,HEWCHEUN2010
NUSSLIOH2014,ISTE2012
NUSSLIOH2014,JAMISON2008
NUSSLIOH2014,JOHNSONJ1998
NUSSLIOH2014,KOPPBURK2010
NUSSLIOH2014,NELSONER2012
NUSSLIOH2014,NISHIMUR2012
NUSSLIOH2014,NUSSLIOH2014
NUSSLIOH2014,OCONNORS2009
NUSSLIOH2014,OCONNOR2010
NUSSLIOH2014,OCONNOR2013
NUSSLIOH2014,OHNUSSLI2014
NUSSLIOH2014,PÉREZGAR2009
NUSSLIOH2014,PRENSKY2001
NUSSLIOH2014,SLEEC2013
NUSSLIOH2014,STOREYWO2010
NUSSLIOH2014,VERHAGEN2011
NUSSLIOH2014,VWBPE2013
NUSSLIOH2014,VYGOTSKY1978
NUSSLIOH2014,WARBURTO2009
NUSSLIOH2014,WARBURTO2009
ORTEGA2013,BALL2003
ORTEGA2013,BEACHMYE2001
ORTEGA2013,BLACK2005
ORTEGA2013,BRUNERTA1999
ORTEGA2013,BURTONBA2005
ORTEGA2013,BUTLER1990
ORTEGA2013,CAREYWEB2001
ORTEGA2013,CARSPECK1996
ORTEGA2013,CATTLEY2007
ORTEGA2013,COCHRANS1993
ORTEGA2013,COUTNEYK2009
ORTEGA2013,ERIICKSO1984
ORTEGA2013,GAINER2010
ORTEGA2013,GEE2010
ORTEGA2013,GLASERST1999
ORTEGA2013,GOMEZSCH2010
ORTEGA2013,HUGHESRO2010
ORTEGA2013,KRESS2003
ORTEGA2013,LANKSHEA2006
ORTEGA2013,LAUER2009
ORTEGA2013,LAVEWENG1991
ORTEGA2013,MCSHAY2005
ORTEGA2013,MERCHANT2010
ORTEGA2013,MORGAN2002
ORTEGA2013,MORGAN2004
ORTEGA2013,MOSDEFMA2003
ORTEGA2013,NEWMANHO1993
ORTEGA2013,OBRIEN1999
ORTEGA2013,OECD2004
ORTEGA2013,SCRIBNER1981
ORTEGA2013,SEMALI2000
ORTEGA2013,SIMON1995
ORTEGA2013,SMAGORIN2004
ORTEGA2013,SMYTHENE2010
ORTEGA2013,STAKE1995
ORTEGA2013,STREET1995
ORTEGA2013,THOMAS2007
ORTEGA2013,USDOE2004
ORTEGA2013,USDOE2010
ORTEGA2013,VARGHESE2005
ORTEGA2013,VYGOTSKY1978
ORTEGA2013,WEBB2005
ORTEGA2013,WENGER1998
ORTEGA2013,WOODCOCK2009
ORTEGA2013,ZEMBYLAS2003
PARKYANG2013,ALPER2012
PARKYANG2013,ANGELI2005
PARKYANG2013,CHIENCHA2012
PARKYANG2013,CHINGCHI2012
PARKYANG2013,CCSSI2010
PARKYANG2013,CRESWELL2003
PARKYANG2013,CRESWELL2003
PARKYANG2013,GEORGEMA2003
PARKYANG2013,GOKTASDE2012
PARKYANG2013,HUBERMAN1994
PARKYANG2013,KAREMAKE2010
PARKYANG2013,KIMKIMLE2013
PARKYANG2013,KORATSHA2008
PARKYANG2013,KORAT2010
PARKYANG2013,MARTINOV2012
PARKYANG2013,MCKENNEY2009
PARKYANG2013,MENESESF2012
PARKYANG2013,NCATE2008
PARKYANG2013,NG2012
PARKYANG2013,OECD2008
PARKYANG2013,OECD2010
PARKYANG2013,OTTENBRE2012
PARKYANG2013,OTTENBRE2010
PARKYANG2013,SÁNCHEZM2012
PARKYANG2013,SEGERSVE2002
PARKYANG2013,SENDAG2010
PARKYANG2013,SHAMIRSH2011
PARKYANG2013,SHAMIRKO2008
PARKYANG2013,WAGNER2008
PARKYANG2013,YALCINYA2011
PARKYANG2013,YEHCHENG2010
PILGRIMB2014,APPLEEVE2012
PILGRIMB2014,BANNISTE2006
PILGRIMB2014,BORMAN2001
PILGRIMB2014,COIROKNO2008
PILGRIMB2014,DURANFOS2006
PILGRIMB2014,ISTE2012
PILGRIMB2014,JETTONSH2012
PILGRIMB2014,JONESKAV2008
PILGRIMB2014,KRESS2010
PILGRIMB2014,KYMES2005
PILGRIMB2014,LEU2011
PILGRIMB2014,LEUKINZE2004
PILGRIMB2014,MILLERSN2004
PILGRIMB2014,NCTE2012
PILGRIMB2014,NAMSA2010
PILGRIMB2014,NEWLONDO1996
PILGRIMB2014,NEWMEDIA2013
PILGRIMB2014,39753
PILGRIMB2014,PARTNERS2009
PILGRIMB2014,PILGRIMB2012
PILGRIMB2014,PILGRIMZ2013
PILGRIMB2014,RICHARDS2013
PILGRIMB2014,RICHARDS2012
PILGRIMB2014,STEVENS2011
PILGRIMB2014,USDOE2010
PITTSBAN2013,BAKER2005
PITTSBAN2013,BALLHILL2005
PITTSBAN2013,BUTCHERS1984
PITTSBAN2013,CCSSI2010
PITTSBAN2013,EGI2008
PITTSBAN2013,ERICKSON1986
PITTSBAN2013,ERICSSON1993
PITTSBAN2013,HENDERSO1998
PITTSBAN2013,HORVATHL2000
PITTSBAN2013,LAPPAN1998
PITTSBAN2013,LIN2000
PITTSBAN2013,MARYLAND1992
PITTSBAN2013,MASINGIL2002
PITTSBAN2013,MISHRAKO2006
PITTSBAN2013,NAGRAJAN2006
PITTSBAN2013,NCTM1989
PITTSBAN2013,NCTM1991
PITTSBAN2013,NCTM2000
PITTSBAN2013,NRC1989
PITTSBAN2013,NRC1990
PITTSBAN2013,NIESS2005
PITTSBAN2013,NIESSRON2009
PITTSBAN2013,NORMANBR2007
PITTSBAN2013,PATRICKJ2004
PITTSBAN2013,PETERSON1988
PITTSBAN2013,PITTSBAN2010
PITTSBAN2013,SHULMAN1986
PITTSBAN2013,THOMAS2003
PITTSBAN2013,TIMMERMA2004
PITTSBAN2013,WHITENAC2000
PITTSBAN2013,WOODS1993
POLLY2015,AMERICAN2014
POLLY2015,ANDERSON2000
POLLY2015,BOYLANDM2002
POLLY2015,CCSSI2010
POLLY2015,COXGRAHA2009
POLLY2015,ERTMEROT2010
POLLY2015,ERTMER2005
POLLY2015,GRAHAM2011
POLLY2015,GRAHAMCU2004
POLLY2015,HEWLETTF2013
POLLY2015,HOWLEYWO2011
POLLY2015,HUFFERDA2004
POLLY2015,ISTE2007
POLLY2015,ISTE2008
POLLY2015,KOEHLERM2007
POLLY2015,KOPCHA2014
POLLY2015,LYUBLINS2014
POLLY2015,MADDUXJO2014
POLLY2015,MCGEEWAN2013
POLLY2015,MISHRAKO2006
POLLY2015,MOYERPAC2013
POLLY2015,MOYERPAC2012
POLLY2015,NEWMEDIA2014
POLLY2015,ORRILLPO2013
POLLY2015,PATTON2015
POLLY2015,POLLYBRA2009
POLLY2015,POLLYHAN2011
POLLY2015,POLLYORR2012
POLLY2015,POLLYORRND
POLLY2015,POLLY2010
POLLY2015,POLLY2011
POLLY2015,POLLY2011
POLLY2015,POLLY2011
POLLY2015,POLLY2012
POLLY2015,POLLY2014
POLLY2015,POLLYMCG2010
POLLY2015,PROJECTT2008
POLLY2015,SCHRUM1999
POLLY2015,TONDEURV2012
POLLY2015,WANGERTM2004
POLLY2015,WIGGINSM2005
POLLYROC2016,AGYEIVOO2011
POLLYROC2016,BANISTER2006
POLLYROC2016,COFFEYAT1996
POLLYROC2016,DRENTMEE2008
POLLYROC2016,ERTMER2005
POLLYROC2016,JANGCHEN2010
POLLYROC2016,KOEHLERM2007
POLLYROC2016,LEEKIM2014
POLLYROC2016,MERRILL2007
POLLYROC2016,MISHRAKO2006
POLLYROC2016,MOERSCH2010
POLLYROC2016,NEWMEDIA2014
POLLYROC2016,NIESS2005
POLLYROC2016,OTTENBRE2010
POLLYROC2016,POLLYORR2016
POLLYROC2016,POLLY2010
POLLYROC2016,POLLY2011
POLLYROC2016,POLLY2011
POLLYROC2016,POLLY2014
POLLYROC2016,POLLY2015
POLLYROC2016,SANGVALC2010
POLLYROC2016,TONDEURV2012
POLLYROC2016,WENGLINS1998
POLLYROC2016,YOONHOHE2006
RAYPOWEL2015,AKILLI2007
RAYPOWEL2015,ALBION2001
RAYPOWEL2015,BAEK2008
RAYPOWEL2015,BALLFORZ2009
RAYPOWEL2015,BARABSCO2009
RAYPOWEL2015,BATSONFE2006
RAYPOWEL2015,CHOWWOOD2011
RAYPOWEL2015,CLARKEDE2010
RAYPOWEL2015,COHEN2011
RAYPOWEL2015,DEFREITA2006
RAYPOWEL2015,DEGENHAR2007
RAYPOWEL2015,ERTMER2005
RAYPOWEL2015,ERTZBERG2009
RAYPOWEL2015,FAURERAY2011
RAYPOWEL2015,FEIMANNE1995
RAYPOWEL2015,FOSTER2012
RAYPOWEL2015,FRANKLIN2007
RAYPOWEL2015,GEE2005
RAYPOWEL2015,HEINICH2011
RAYPOWEL2015,KE2008
RAYPOWEL2015,KENNYMCD2011
RAYPOWEL2015,KIRRIEMU2003
RAYPOWEL2015,KIRRIEMU2006
RAYPOWEL2015,KOHKINWA2012
RAYPOWEL2015,LENHARTJ2008
RAYPOWEL2015,LENHARTK2008
RAYPOWEL2015,LI2013
RAYPOWEL2015,MCFARLAN2002
RAYPOWEL2015,MILLERRO2011
RAYPOWEL2015,MOSCHINI2008
RAYPOWEL2015,NELSONER2012
RAYPOWEL2015,NIEDERHA2007
RAYPOWEL2015,OVERBAYP2009
RAYPOWEL2015,PALAKWAL2009
RAYPOWEL2015,PANOUTSO2012
RAYPOWEL2015,PRENSKY2006
RAYPOWEL2015,RAYCOULT2010
RAYPOWEL2015,ROGERS2003
RAYPOWEL2015,SADLER2009
RAYPOWEL2015,SANDFORD2006
RAYPOWEL2015,SARDONED2010
RAYPOWEL2015,SHAFFERS2005
RAYPOWEL2015,SIMPSON2005
RAYPOWEL2015,SQUIRE2005
RAYPOWEL2015,TUZUNYIL2009
RAYPOWEL2015,VANECK2006
RAYPOWEL2015,VYGOTSKY1986
RAYPOWEL2015,WANGERTM2004
RAYPOWEL2015,WHELAN2005
REHMATBA2014,ABBITT2011
REHMATBA2014,ADAMS2011
REHMATBA2014,ANDERSON2007
REHMATBA2014,BAILEYPO2011
REHMATBA2014,BANDURA1997
REHMATBA2014,BARRONKE2003
REHMATBA2014,BINGIMLA2009
REHMATBA2014,BRANDENB2000
REHMATBA2014,BYBEETAY2006
REHMATBA2014,CHEN2008
REHMATBA2014,CRESWELL2007
REHMATBA2014,CULLENGR2011
REHMATBA2014,ERTMER2005
REHMATBA2014,FOULGERB2012
REHMATBA2014,FULLAN2012
REHMATBA2014,GLESNE2006
REHMATBA2014,GOLDENBE2011
REHMATBA2014,GRAYTHOM2010
REHMATBA2014,HARRISMI2009
REHMATBA2014,HERNÁNDE2005
REHMATBA2014,HITE2005
REHMATBA2014,HSIEHSHA2005
REHMATBA2014,HUGHES2008
REHMATBA2014,JANGCHEN2010
REHMATBA2014,KENNEDY1999
REHMATBA2014,LEELINNV2010
REHMATBA2014,LEI2009
REHMATBA2014,LICHTMAN2010
REHMATBA2014,LITTRELL2005
REHMATBA2014,LOUCKSHO1998
REHMATBA2014,MATZENED2007
REHMATBA2014,MCMAHON2009
REHMATBA2014,MISHRAKO2006
REHMATBA2014,NRC1996
REHMATBA2014,NRC2012
REHMATBA2014,NORRISSU2003
REHMATBA2014,O'BANNON2004
REHMATBA2014,OBLINGER2005
REHMATBA2014,PAJARES1992
REHMATBA2014,PANCARRO2002
REHMATBA2014,PARKERTM2007
REHMATBA2014,PRICELEE2013
REHMATBA2014,RICEDOLG2008
REHMATBA2014,ROSCHELL2004
REHMATBA2014,SANGVALC2010
REHMATBA2014,SIVERTSE1993
REHMATBA2014,WANGERTM2004
REHMATBA2014,WANGKINZ2010
REHMATBA2014,WATSON2007
SADAFNEW2015,AJJANHAR2008
SADAFNEW2015,AJZENFIS1980
SADAFNEW2015,AJZEN1991
SADAFNEW2015,ALBIONER2002
SADAFNEW2015,ALBION2008
SADAFNEW2015,ANDERSON2007
SADAFNEW2015,BIRCHIRV2009
SADAFNEW2015,BOWER2012
SADAFNEW2015,BULLOCK2004
SADAFNEW2015,BUTLER2012
SADAFNEW2015,CHEN2010
SADAFNEW2015,CHOYWONG2009
SADAFNEW2015,COUTINHO2008
SADAFNEW2015,CRESWELL2007
SADAFNEW2015,CULLENGR2011
SADAFNEW2015,DEXTERRI2003
SADAFNEW2015,DISCIPIO2008
SADAFNEW2015,ERTMEROT2010
SADAFNEW2015,ERTMER2005
SADAFNEW2015,FLEISSLE2003
SADAFNEW2015,GIALAMAS2010
SADAFNEW2015,GILLDALG2008
SADAFNEW2015,GREENHOW2007
SADAFNEW2015,GROTHDUN2007
SADAFNEW2015,HARTSHOR2009
SADAFNEW2015,HUCLARKM2003
SADAFNEW2015,ISTE2008
SADAFNEW2015,KAY2006
SADAFNEW2015,KINGMORR1987
SADAFNEW2015,LEI2009
SADAFNEW2015,MAANDERS2005
SADAFNEW2015,MILESHUB1994
SADAFNEW2015,MYERSHAL2002
SADAFNEW2015,NCATE2010
SADAFNEW2015,NEWBYERT2010
SADAFNEW2015,NUNNALLY1978
SADAFNEW2015,OBLINGER2005
SADAFNEW2015,PASCOPEL2008
SADAFNEW2015,SADAFNEW2012
SADAFNEW2015,SHIHAB2008
SADAFNEW2015,SMARKOLA2007
SADAFNEW2015,SMARKOLA2008
SADAFNEW2015,SOLOMONS2007
SADAFNEW2015,SUGARCRA2004
SADAFNEW2015,TAYLORTO1995
SADAFNEW2015,TEO2009
SADAFNEW2015,TEOLEECH2008
SADAFNEW2015,USDOE2010
SADAFNEW2015,UNGERTRA2014
SADAFNEW2015,WRIGHTWI2006
SADAFNEW2015,YUSHAU2006
SCHMIDTF2016,ABELLAPP2010
SCHMIDTF2016,ANDERSON2007
SCHMIDTF2016,APPLETON2007
SCHMIDTF2016,ATKINSON2010
SCHMIDTF2016,BANILOWE2007
SCHMIDTF2016,BRANCHKO2014
SCHMIDTF2016,BROWN2008
SCHMIDTF2016,BYBEE2010
SCHMIDTF2016,CHAN2011
SCHMIDTF2016,CHARMAZ2006
SCHMIDTF2016,CRESWELL2012
SCHMIDTF2016,CUBAN2009
SCHMIDTF2016,DAVIES2011
SCHMIDTF2016,DAVISPET2006
SCHMIDTF2016,DESROSIE2011
SCHMIDTF2016,DOVE2013
SCHMIDTF2016,DUGGER2001
SCHMIDTF2016,EISENKRA2010
SCHMIDTF2016,ENFIELD2013
SCHMIDTF2016,EPSTEINM2011
SCHMIDTF2016,FRICKSUA2004
SCHMIDTF2016,FULMER2014
SCHMIDTF2016,FULTONCA2014
SCHMIDTF2016,GLASER1999
SCHMIDTF2016,GREENBER2013
SCHMIDTF2016,HALLDICK2011
SCHMIDTF2016,HOFERPIN1997
SCHMIDTF2016,HOWESLIM2009
SCHMIDTF2016,INGERMAN2011
SCHMIDTF2016,ITEA2007
SCHMIDTF2016,JONASSEN2000
SCHMIDTF2016,JONASSEN2011
SCHMIDTF2016,JONASSEN1995
SCHMIDTF2016,JONASSEN2003
SCHMIDTF2016,JONESRIC2000
SCHMIDTF2016,JONES2013
SCHMIDTF2016,KOBERREN2012
SCHMIDTF2016,KUENZI2006
SCHMIDTF2016,KUENZI2006
SCHMIDTF2016,KUHN1999
SCHMIDTF2016,LEHRERSC2008
SCHMIDTF2016,LELLIOTT2010
SCHMIDTF2016,MASONSHU2013
SCHMIDTF2016,MERRIAM2007
SCHMIDTF2016,MINNERLE2010
SCHMIDTF2016,MORAVECW2010
SCHMIDTF2016,MULHOLLA2008
SCHMIDTF2016,NCEE2007
SCHMIDTF2016,NRC1996
SCHMIDTF2016,NRC2007
SCHMIDTF2016,NRC2011
SCHMIDTF2016,NRC2012
SCHMIDTF2016,NIELSENL2006
SCHMIDTF2016,NOCHILDL2001
SCHMIDTF2016,OSBORNE2014
SCHMIDTF2016,PEARSONY2002
SCHMIDTF2016,PIERCEFO2012
SCHMIDTF2016,RESEARCH2011
SCHMIDTF2016,RIECHERT2010
SCHMIDTF2016,SANDERS2009
SCHMIDTF2016,SANDOVAL2004
SCHMIDTF2016,SANDOVAL2005
SCHMIDTF2016,SCHRAW2001
SCHMIDTF2016,STAKE1995
SCHMIDTF2016,STRAUSSC1998
SCHMIDTF2016,SZALAYGR2006
SCHMIDTF2016,TANASEWA2010
SCHMIDTF2016,THESTATE2011
SCHMIDTF2016,TRIPPBIC1990
SCHMIDTF2016,TRUNDLEA2002
SCHMIDTF2016,WILSONJO1993
SCHMIDTF2016,WISITSEN2012
SCHMIDTF2016,WORTHWIN2009
SCHMIDTF2016,YIN2014
SHENHANN2013,ANGELIVA2009
SHENHANN2013,BARABSQU2004
SHENHANN2013,CHAIKOHT2010
SHENHANN2013,CHOILEE2009
SHENHANN2013,DAVISLIN2000
SHENHANN2013,GLASERST1967
SHENHANN2013,GREENE2008
SHENHANN2013,GRONSETH2010
SHENHANN2013,HANNAFIN1999
SHENHANN2013,JANGCHEN2010
SHENHANN2013,JOHNSONO2004
SHENHANN2013,KAY2006
SHENHANN2013,KIRSCHNE2006
SHENHANN2013,KOEHLERM2008
SHENHANN2013,KOHDIVAH2011
SHENHANN2013,KOHFRICK2009
SHENHANN2013,LAMBERTG2010
SHENHANN2013,LEI2009
SHENHANN2013,MAYER1983
SHENHANN2013,MISHRAKO2006
SHENHANN2013,NETS2012
SHENHANN2013,NIESS2011
SHENHANN2013,OHJONASS2007
SHENHANN2013,PAMUK2012
SHENHANN2013,PEREZJOH1995
SHENHANN2013,PUNTAMBE2005
SHENHANN2013,SCHUNK2008
SHENHANN2013,SHENHANN2012
SHENHANN2013,SOKIM2009
SHINASKA2015,ABBITT2011
SHINASKA2015,ARCHAMBA2009
SHINASKA2015,BEZMERKR2008
SHINASKA2015,BOWERSST2011
SHINASKA2015,CHAIKOHT2010
SHINASKA2015,CHAIKOHT2011
SHINASKA2015,COHEN1988
SHINASKA2015,COIRODOB2007
SHINASKA2015,CCSSI2010
SHINASKA2015,GRAHAMBO2012
SHINASKA2015,GREEN1991
SHINASKA2015,HARRISHO2009
SHINASKA2015,HARRISGR2010
SHINASKA2015,HARRISMI2009
SHINASKA2015,HOFERHAR2012
SHINASKA2015,HOFERSWA2006
SHINASKA2015,IRA2009
SHINASKA2015,KOEHLERM2008
SHINASKA2015,KOEHLERM2007
SHINASKA2015,KOEHLERM2014
SHINASKA2015,LAWLESSP2007
SHINASKA2015,LUKE1992
SHINASKA2015,MEYERSGA2006
SHINASKA2015,MISHRAKO2006
SHINASKA2015,MISHRAKO2009
SHINASKA2015,MOUZAKAR2013
SHINASKA2015,NCTE2013
SHINASKA2015,NCTM2013
SHINASKA2015,NGA2010
SHINASKA2015,NIESS2005
SHINASKA2015,POLLYMIM2010
SHINASKA2015,PRENSKY2001
SHINASKA2015,SCHMIDTB2009
SHINASKA2015,SHINASYI2013
SHINASKA2015,SHULMAN1986
SHINASKA2015,STEVENS2002
SHINASKA2015,TABACHNI2007
SHINASKA2015,YOUNGYOU2013
STOVERSH2014,ANDESCLA2011
STOVERSH2014,BARKSDAL2007
STOVERSH2014,BERRILLG1999
STOVERSH2014,BLOEM2004
STOVERSH2014,BROMLEYW1994
STOVERSH2014,BURK1989
STOVERSH2014,CEPRANOS2007
STOVERSH2014,CROWHURS1990
STOVERSH2014,DARLINGH1998
STOVERSH2014,DAY2009
STOVERSH2014,ERICKSON1986
STOVERSH2014,GAMBRELL2011
STOVERSH2014,GEE1991
STOVERSH2014,GLESNE2006
STOVERSH2014,GRAHAMHA2013
STOVERSH2014,HARVEYGO2007
STOVERSH2014,IRA2002
STOVERSH2014,IRA2009
STOVERSH2014,KEENEZIM2013
STOVERSH2014,LARSON2009
STOVERSH2014,LEUKINZE2004
STOVERSH2014,LIAKOPOU2012
STOVERSH2014,LINCOLNG1985
STOVERSH2014,MARSHALL1999
STOVERSH2014,MERRIAM1998
STOVERSH2014,MICHIGAN2012
STOVERSH2014,MILLSLEV2011
STOVERSH2014,MOORESEE2009
STOVERSH2014,MOORE1991
STOVERSH2014,MOORE2007
STOVERSH2014,NGA2010
STOVERSH2014,PARK2010
STOVERSH2014,PARROTTD2013
STOVERSH2014,PATTON2002
STOVERSH2014,PERRY2012
STOVERSH2014,RANKIN1992
STOVERSH2014,SPRADLEY1980
STOVERSH2014,STAKE2005
STOVERSH2014,STRAUSSC1998
STOVERSH2014,STREET1997
STOVERSH2014,TEALEGAM2007
STOVERSH2014,VYGOTSKY1978
STOVERSH2014,WALKERDA2009
STOVERSH2014,WOLLMANB1999
STOVERSH2014,YIN2002
TAI2015,ALJARF2004
TAI2015,ALMEKHLA2006
TAI2015,CHAPELLE2004
TAI2015,CHAPELLE2003
TAI2015,CHISHOLM2003
TAI2015,CHUANGHU2012
TAI2015,COXGRAHA2009
TAI2015,CRESWELL2007
TAI2015,DESJARDI2007
TAI2015,DORNYEI2007
TAI2015,EGBERTPA2002
TAI2015,HAMPELST2005
TAI2015,HEALYHAN2011
TAI2015,HEGELHEI2006
TAI2015,HERNANDE2005
TAI2015,HONG2010
TAI2015,HOVEN2006
TAI2015,HOVEN2007
TAI2015,HUBBARD2008
TAI2015,HUGHES2005
TAI2015,JUNG2001
TAI2015,KAMHISTE2000
TAI2015,KESSLERP2008
TAI2015,KESSLER2006
TAI2015,KESSLER2007
TAI2015,KILICKAY2009
TAI2015,KOZMA2003
TAI2015,LAM2000
TAI2015,LEESON2006
TAI2015,LEVYSTOC2006
TAI2015,#VALUE!
TAI2015,LIUTHEOD2004
TAI2015,MACKEYGA2005
TAI2015,MISHRAKO2006
TAI2015,MOHAN2007
TAI2015,NOBLESDR2012
TAI2015,PETERS2006
TAI2015,POLLYBRA2009
TAI2015,REDMONDA2005
TAI2015,REINDERS2009
TAI2015,SHOFFNER2007
TAI2015,SHULMAN1987
TAI2015,SLAOUTIM2006
TAI2015,TAI2013
TAI2015,TAICRAWF2014
TAI2015,THOMPSON2008
TAI2015,VANOLPHE2007
TAI2015,WONGBENS2006
TOURNAKI2014,ABBITT2011
TOURNAKI2014,ALBE2003
TOURNAKI2014,ANGELIVA2005
TOURNAKI2014,ARCHAMBA2009
TOURNAKI2014,BROWNWAR2006
TOURNAKI2014,BURNS2007
TOURNAKI2014,CHAIKOHT2010
TOURNAKI2014,COHEN1969
TOURNAKI2014,COXGRAHA2009
TOURNAKI2014,DEPAEPEV2013
TOURNAKI2014,FANG1996
TOURNAKI2014,FISHMAND2006
TOURNAKI2014,GOLDENBE2000
TOURNAKI2014,GRAHAMBU2009
TOURNAKI2014,GRAHAMCA2004
TOURNAKI2014,HARGRAVE2000
TOURNAKI2014,HARRISMI2007
TOURNAKI2014,HSUSHARM2006
TOURNAKI2014,HUGHESSC2008
TOURNAKI2014,ISTE2008
TOURNAKI2014,JAMIESON2010
TOURNAKI2014,JONASSEN2008
TOURNAKI2014,KAY2006
TOURNAKI2014,KEATINGE2001
TOURNAKI2014,KOEHLERM2005
TOURNAKI2014,LEETSAI2010
TOURNAKI2014,MISHRAKO2006
TOURNAKI2014,MISHRAKO2009
TOURNAKI2014,NIESS2005
TOURNAKI2014,NIESS2007
TOURNAKI2014,NIESS2008
TOURNAKI2014,PARTNERS2003
TOURNAKI2014,SAHINERD2010
TOURNAKI2014,SCHMIDTB2009
TOURNAKI2014,SHOFFNER2007
TOURNAKI2014,SHULMAN1986
TOURNAKI2014,SHULMAN1986
TOURNAKI2014,SHULMAN1987
TOURNAKI2014,SOKIM2009
TOURNAKI2014,STEKETEE2005
TOURNAKI2014,WILLISME1996
TOURNAKI2014,YOUNGYOU2011
WAKEWHIT2013,ALBERSHA2007
WAKEWHIT2013,ANDERSON2007
WAKEWHIT2013,BORSHEIM2008
WAKEWHIT2013,BRANDT2005
WAKEWHIT2013,CAMPBELL2001
WAKEWHIT2013,CARROLLM2006
WAKEWHIT2013,CHRISTEN2002
WAKEWHIT2013,COIRO2003
WAKEWHIT2013,COPEKALA2000
WAKEWHIT2013,COPEKALA2009
WAKEWHIT2013,CRESSWEL2002
WAKEWHIT2013,DARLINGH1989
WAKEWHIT2013,DEVOSSEI2010
WAKEWHIT2013,ERTMEROT2010
WAKEWHIT2013,ERTMER2005
WAKEWHIT2013,FOULGERW2008
WAKEWHIT2013,FRANKUY2004
WAKEWHIT2013,GEE2004
WAKEWHIT2013,GEE2008
WAKEWHIT2013,GOFFMAN1959
WAKEWHIT2013,GROTHDUN2007
WAKEWHIT2013,HOLUMGAH2001
WAKEWHIT2013,HUANG2006
WAKEWHIT2013,JOHNSONL2008
WAKEWHIT2013,JOHNSONL2009
WAKEWHIT2013,KAY2006
WAKEWHIT2013,KAY2007
WAKEWHIT2013,KIMBAYLO2008
WAKEWHIT2013,KINZERLE2003
WAKEWHIT2013,KRESS2003
WAKEWHIT2013,LANKSHEA2003
WAKEWHIT2013,LARSON2008
WAKEWHIT2013,LEHNARTM2007
WAKEWHIT2013,LEUKINZE2004
WAKEWHIT2013,LEWISFIN2002
WAKEWHIT2013,LORTIE1975
WAKEWHIT2013,MCPHERSO2007
WAKEWHIT2013,NCTE1996
WAKEWHIT2013,NEWLONDO1996
WAKEWHIT2013,OREILLY2005
WAKEWHIT2013,OHLER2009
WAKEWHIT2013,OSTORGA2006
WAKEWHIT2013,PIPER2003
WAKEWHIT2013,RICHARDS2006
WAKEWHIT2013,SANTORO2009
WAKEWHIT2013,SHOFFNER2009
WAKEWHIT2013,WATTETAF2003
WAKEWHIT2013,WINK2011
WEBBKAPA2015,BANDURA2006
WEBBKAPA2015,BECKMCKE2002
WEBBKAPA2015,BLACHOWI2006
WEBBKAPA2015,BRANSFOR2000
WEBBKAPA2015,BRINKERH2006
WEBBKAPA2015,ERTMER2005
WEBBKAPA2015,GARDNER2007
WEBBKAPA2015,GREENWOO2007
WEBBKAPA2015,HAMMONDM2009
WEBBKAPA2015,HEBERT2010
WEBBKAPA2015,KAPAVIKW2011
WEBBKAPA2015,LEEHERNE2007
WEBBKAPA2015,MARIOTTI2010
WEBBKAPA2015,OVERBAUG2008
WEBBKAPA2015,PIERCEFO2009
WEBBKAPA2015,PIPER2003
WEBBKAPA2015,SHRINERC2010
WEBBKAPA2015,SMITH2001
WEBBKAPA2015,TEXASAMU2011
WEBBKAPA2015,YUENMA2008
WEBBKAPA2015,ZACHAROS2007
WETZELBU2014,AACTECOM2008
WETZELBU2014,BIELEFEL2001
WETZELBU2014,CHAIKOHT2010
WETZELBU2014,COHENLOE2006
WETZELBU2014,COXGRAHA2009
WETZELBU2014,CRESWELL2009
WETZELBU2014,FULLAN2001
WETZELBU2014,FULLAN2007
WETZELBU2014,FULLAN2008
WETZELBU2014,GRONSETH2010
WETZELBU2014,HALLHORD2010
WETZELBU2014,HOFERGRA2012
WETZELBU2014,HOLLINS2011
WETZELBU2014,ISTE2011
WETZELBU2014,KAPLAN1998
WETZELBU2014,KLEINERT2007
WETZELBU2014,KOEHLERM2008
WETZELBU2014,KOEHLERM2009
WETZELBU2014,KOHDIVAH2011
WETZELBU2014,KRAUSKOP2013
WETZELBU2014,MISHRAKO2006
WETZELBU2014,MOUZAKAR2013
WETZELBU2014,NIESS2008
WETZELBU2014,NIESS2011
WETZELBU2014,NIESSRON2009
WETZELBU2014,OZGUNKOC2009
WETZELBU2014,PAMUK2011
WETZELBU2014,PIERSONT2005
WETZELBU2014,PIERSON1999
WETZELBU2014,POLLYBRA2009
WETZELBU2014,ROGERS2002
WETZELBU2014,SCHMIDTB2009
WETZELBU2014,SHULMAN1986
WETZELBU2014,SHULMAN2013
WETZELBU2014,SPECKKNI2005
WETZELBU2014,STRAUSSC1998
WETZELBU2014,STRINGER2007
WETZELBU2014,TONDEURV2012
WETZELBU2014,WENGER1998
WILLIS2015,ABBITT2011
WILLIS2015,ALBION2001
WILLIS2015,AMES1992
WILLIS2015,BANDURA1986
WILLIS2015,BANDURA1994
WILLIS2015,DWECKLEG1988
WILLIS2015,ECCLESAD1983
WILLIS2015,ERTMEROT2010
WILLIS2015,HIDIHARA2000
WILLIS2015,HIDIRENN2006
WILLIS2015,HIDI1990
WILLIS2015,HOLDENRA2011
WILLIS2015,HULLEMAN2008
WILLIS2015,KAJSUNDE2002
WILLIS2015,LIPSTEIN2007
WILLIS2015,LUMPECHA2001
WILLIS2015,MAYOKAJS2005
WILLIS2015,MITCHELL1993
WILLIS2015,NICHOLLS1984
WILLIS2015,SCHUNKPI2008
WILLIS2015,SMITHWIL2011
WILLIS2015,TANGUMAU2004
WILLIS2015,USHERPAJ2008
WILLIS2015,VOOGTFIS2013
WILLIS2015,WATSON2006
WILLIS2015,WIGFIELD2000
WILLIS2015,ZHAOBRYA2007
WYANTJON2015,ALLANERI2010
WYANTJON2015,BANDURA1977
WYANTJON2015,CHRISTEN2008
WYANTJON2015,CHRISTEN2001
WYANTJON2015,CUBAN1997
WYANTJON2015,CUNNINGH2009
WYANTJON2015,CURTNERS2009
WYANTJON2015,ERTMEROT2010
WYANTJON2015,ERTMER1999
WYANTJON2015,ERTMERAD2000
WYANTJON2015,GLASER1965
WYANTJON2015,GRAYTHOM2010
WYANTJON2015,GUNTER2001
WYANTJON2015,HALLGEOR1979
WYANTJON2015,ISTE2008
WYANTJON2015,ISTE2008
WYANTJON2015,JONESWYA2012
WYANTJON2015,KAY2006
WYANTJON2015,KOCBAKIR2010
WYANTJON2015,LAWSON1983
WYANTJON2015,LEECHONW2009
WYANTJON2015,LENHART2009
WYANTJON2015,LINCOLNG1985
WYANTJON2015,LIUHUANG2005
WYANTJON2015,LORTIE2002
WYANTJON2015,MAITSEKI2010
WYANTJON2015,MCROBBIE2000
WYANTJON2015,MISHRAKO2006
WYANTJON2015,MURPHY1997
WYANTJON2015,NASPE2008
WYANTJON2015,NASPE2009
WYANTJON2015,NCATE2003
WYANTJON2015,NCATE2008
WYANTJON2015,PATTON2002
WYANTJON2015,POPEHARE2002
WYANTJON2015,POSNERST1982
WYANTJON2015,ROCHANAS2009
WYANTJON2015,RUSSELL1995
WYANTJON2015,RUSSELLB2003
WYANTJON2015,SCHEMPPG1992
WYANTJON2015,SHULMAN1986
WYANTJON2015,SMITHOWE2010
WYANTJON2015,SOLOMONS2007
WYANTJON2015,STRUDLER1999
WYANTJON2015,VANNATTA2000
WYANTJON2015,WOODSGOC2008